,line,Phrasal_Cmp,Clausal_Cmp,Implicit_Cmp,More_Cmp,ER_Cmp,answer_id,level_id,class_id,question_id,version,text_len,sentence_len,COLA_T5large,gpt2_target_surprisal,distilgpt2_target_surprisal,gptneo_target_surprisal,davinci002_target_surprisal,llama2_target_surprisal,gpt2_sent_surprisal,distilgpt2_sent_surprisal,gptneo_sent_surprisal,davinci002_sent_surprisal,llama2_sent_surprisal,gpt2_len_tokens,distilgpt2_len_tokens,gptneo_len_tokens,tag,Writing_Sample,Writing_Proficiency,target_issue_flag
0,0,0,0,1,0,1,124,4,g,5,1,100,14,1,9.95,11.8,9.63,7.515,11.09,4.23,5.23,3.54,4.27,4.44,14,14,14,,4,high,
1,1,1,0,0,1,0,200,4,g,22,1,215,15,1,5.98,4.64,5.45,4.921,4.79,2.72,2.83,2.69,3.39,2.58,16,16,16,0,4,high,
2,2,0,0,1,0,1,1310,4,g,131,1,120,19,1,5,6.28,4.87,5.586,1.68,4.59,4.77,4.82,4.68,4.54,18,18,18,,4,high,
3,3,0,0,1,1,0,1310,4,g,131,1,120,18,1,8.22,10.21,7.66,5.76,9.67,5.06,5.13,4.87,7.01,4.13,24,24,24,,4,high,
4,4,0,0,1,0,1,1415,4,g,137,1,204,17,0,8.78,9.17,8.85,4.319,9.69,4.64,4.61,4.61,4.75,4.46,17,17,17,,4,high,
5,5,0,0,1,0,1,1415,4,g,137,1,204,13,1,2.16,4.59,1.64,1.553,1.37,3.95,4.23,3.73,4.14,4.13,14,14,14,,4,high,
6,6,0,0,1,1,0,1415,4,g,137,1,204,19,0,5.03,5.6,5.94,3.626,6.92,4.28,4.39,4.23,4.44,4.24,20,20,20,,4,high,
7,7,1,0,0,0,1,1629,4,w,166,1,218,19,0,22.18,21.79,21.79,13.41,21.39,4.94,5.24,4.6,4.29,4.43,19,19,19,,4,high,
8,8,0,0,1,1,0,1629,4,w,166,1,218,20,1,4.69,4.69,4.85,2.284,2.89,5.01,5.32,4.78,5.04,4.45,22,22,22,,4,high,
9,9,0,0,1,0,1,2062,4,g,202,1,215,19,1,6.57,7.62,4.71,1.519,2.88,3.01,3.35,2.97,3.01,3.13,21,21,21,,4,high,
10,10,1,0,0,0,1,2113,4,w,208,1,399,12,1,6.79,9.28,5.3,2.903,2.95,3.61,3.81,3.21,3.79,3.64,12,12,12,0,4,high,
11,11,1,0,0,1,0,173,4,g,5,2,154,12,0,13.7,13.22,10.56,6.551,9.96,5.07,5.19,4.58,4.96,4.58,12,12,12,,2,low,
12,12,1,0,0,1,0,173,4,g,5,2,154,10,1,9.13,9.64,9.14,4.79,8.81,3.98,4.33,3.87,4.29,3.46,13,13,13,0,2,low,
13,13,0,0,1,0,1,2908,4,w,349,1,176,19,0,8.34,8.33,7.96,5.384,7.93,5.94,6.08,5.61,5.99,5.54,19,19,19,,2,low,
14,14,0,0,1,1,0,3005,4,w,365,1,155,12,1,6.14,5.01,4.47,1.045,6.92,4.58,4.74,4.4,4.71,4.61,11,11,11,,2,low,
15,15,0,0,1,0,1,3370,4,w,399,1,112,13,0,3.7,3.51,6.34,3.664,5.23,5.71,5.78,5.81,5.54,5.7,15,15,15,,2,low,
16,16,0,0,1,1,0,5064,4,g,640,1,150,18,0,5.37,5.12,4.58,3.008,4.7,4.62,4.85,4.18,4.24,3.59,18,18,18,,2,low,
17,17,0,0,1,1,0,5064,4,g,640,1,150,14,0,7.95,7.87,7.84,5.008,8.37,6.07,5.85,6.09,6.43,6.37,14,14,14,,2,low,
18,18,0,0,1,1,0,5064,4,g,640,1,150,20,0,4.54,5.27,3.69,3.056,6.15,4.69,4.9,4.44,,4.7,23,23,23,,2,low,
19,19,1,0,0,1,0,11777,5,g,1684,1,189,15,1,5.58,4.84,5.53,3.539,3.22,4.34,4.66,3.95,4.01,3.14,15,15,15,0,2,low,
20,20,0,0,1,1,0,11919,5,g,1740,1,356,15,1,5.72,5.91,4.92,,5.66,5.47,5.35,5.04,,4.2,20,20,20,,2,low,
21,21,0,0,1,1,0,11919,5,g,1740,1,356,20,0,5.77,5.78,5.61,2.462,4.13,5.36,5.72,5.08,5.12,4.45,20,20,20,,2,low,
22,22,0,0,1,1,0,11919,5,g,1740,1,356,14,0,6.05,6.82,7.13,5.626,7.58,6.29,6.66,6.33,6.9,6.53,13,13,13,,2,low,
23,23,0,0,1,0,1,12135,5,w,1782,1,613,7,1,11.93,10.12,11.67,7.5,13.39,5.81,6.45,5,6,6.07,6,6,6,,2,low,
24,24,0,0,1,0,1,143,5,w,17,1,96,12,1,7.11,6.88,9.23,4.981,6.19,3.91,4.76,3.93,4.12,2.71,13,13,13,,3.7,high,
25,25,0,0,1,1,0,143,5,w,17,1,96,8,1,7.95,7.44,7.9,5.337,8.36,6.57,7.13,6.43,6.99,5.87,7,7,7,,3.7,high,
26,26,0,0,1,1,0,985,5,g,95,1,183,19,1,5.06,6.12,5.77,2.727,6.55,3.45,3.9,3.15,3.53,3.31,19,19,19,,3.7,high,
27,27,0,0,1,1,0,985,5,g,95,1,183,19,1,7.45,9.16,6.26,4.925,7.92,3.45,3.63,3.47,3.77,3.41,19,19,19,,3.7,high,
28,28,1,0,0,0,1,1377,5,w,132,1,109,10,1,6.66,6.95,6.29,,6.49,4.12,4.66,3.81,,4.5,11,11,11,0,3.7,high,
29,29,0,0,1,0,1,1613,5,g,152,1,227,11,1,20.28,21.01,19.32,12.41,17.98,5.11,5.65,4.66,5.05,5.01,11,11,11,,3.7,high,
30,30,0,0,1,0,1,2148,5,g,207,1,309,16,1,0.31,0.08,0.61,1.356,1.08,5.41,5.65,5.66,5.39,5.33,15,15,15,,3.7,high,
31,31,0,0,1,0,1,2397,4,w,278,1,170,11,0,19.73,17.67,18.86,11.619,15.08,7.46,8.07,6.27,6.06,5.61,11,11,11,,3.7,high,
32,32,0,0,1,1,0,2397,4,w,278,1,170,18,0,5.91,6.12,6.22,4.566,6.32,5.41,5.83,5.18,5.33,4.53,19,19,19,,3.7,high,
33,33,0,0,1,0,1,3011,4,w,365,2,290,19,0,14.41,14.97,14.49,10.334,17.1,5.45,5.96,5.2,5.2,4.57,20,20,20,,3.7,high,
34,34,1,0,0,1,0,3665,4,w,428,1,182,12,0,11.86,13.04,12.04,7.444,10.9,7.12,7.7,7.01,7.09,6.53,11,11,11,,3.7,high,
35,35,0,0,1,1,0,162,4,g,18,1,108,8,0,8.48,7.77,8.23,5.352,7.87,5.02,5.73,5.21,5.61,5.82,7,7,7,,3,low,
36,36,0,0,1,0,1,432,4,g,45,1,108,8,1,0,0,0,,0,3.69,4.19,3.6,4.96,4.84,8,8,8,,3,low,FLAGGED
37,37,0,0,1,0,1,540,4,g,56,1,68,12,1,6.85,8.53,7.62,3.114,7.04,4.98,5.77,5.13,5.22,4.65,12,12,12,,3,low,
38,38,0,0,1,0,1,541,4,g,56,2,68,12,1,8.88,9.38,7.42,3.114,6.5,5.08,5.59,4.8,5.22,4.3,14,14,14,,3,low,
39,39,0,0,1,1,0,983,4,g,96,1,134,19,1,4.44,4.37,3.58,0.027,6.36,3.09,3.48,2.8,2.87,2.91,19,19,19,,3,low,
40,40,1,0,0,0,1,1042,3,w,99,1,155,11,1,4.77,4.02,2.42,,1.62,4.12,4.8,3.51,,3.67,19,19,19,0,3,low,
41,41,1,0,0,0,1,1042,3,w,99,1,155,14,0,6.86,5.93,6.33,4.414,6.03,3.7,3.99,3.43,4.3,3.62,20,20,20,,3,low,
42,42,1,0,0,0,1,1256,3,w,99,2,167,11,1,3.29,3.91,1.94,0.792,1.46,3.14,3.66,2.79,4.46,3.09,18,18,18,0,3,low,
43,43,1,0,0,0,1,1256,3,w,99,2,167,13,1,7.66,7.43,7.86,8.937,8.17,3.34,3.87,2.98,4.65,3.38,19,19,19,0,3,low,
44,44,0,0,1,0,1,1666,4,g,170,1,80,19,1,12.84,14.04,13.55,10.001,6.76,4.55,5.02,4.51,4.2,4.03,20,20,20,,3,low,
45,45,0,0,1,1,0,1666,4,g,170,1,80,14,1,5.41,5.85,6.51,4.462,6.84,4.91,5.33,4.72,4.69,4.32,13,13,13,,3,low,
46,46,0,0,1,1,0,1666,4,g,170,1,80,20,0,3.83,5.1,5,0.633,8.31,5.52,5.87,5.08,4.43,4.48,19,19,19,,3,low,
47,47,0,0,1,0,1,9555,5,g,1355,1,160,13,1,1.87,2.82,2.51,1.581,2.9,3.02,3.52,3.22,3.22,3.59,12,12,12,,3,low,
48,48,0,0,1,1,0,191,4,g,20,1,274,19,1,4.34,5.14,3.28,1.425,3.25,4.73,4.89,4.73,4.5,4.53,18,18,18,,4,high,
49,49,1,0,0,1,0,191,4,g,20,1,274,10,0,11.4,11.36,11.94,8.065,12.17,6,6.77,6,5.84,5.55,9,9,9,,4,high,
50,50,0,0,1,0,1,191,4,g,20,1,274,15,0,12.44,10.36,11.81,,11.22,5.65,6.29,5.35,,5.31,17,17,17,,4,high,
51,51,0,0,1,1,0,191,4,g,20,1,274,19,1,4.32,3.2,3.91,2.27,3.03,4.25,4.6,4.28,4.02,3.78,20,20,20,,4,high,
52,52,1,0,0,0,1,1899,4,g,179,1,172,8,1,9.82,10.44,10.03,4.888,6.79,3.34,4.21,3.1,3.64,2.95,11,11,11,0,4,high,
53,53,0,0,1,1,0,1899,4,g,179,1,172,17,0,4.21,5.21,4.15,3.304,4.77,4.91,4.96,4.58,4.71,4.82,16,16,16,,4,high,
54,54,0,0,1,0,1,1909,4,g,180,1,126,6,1,11.87,12.98,12.68,8.396,11.19,3.84,4.71,3.75,4.24,4.41,5,5,5,,4,high,
55,55,0,0,1,1,0,1909,4,g,180,1,126,20,0,5.99,6.02,8.58,5.406,8.45,3.91,3.9,4.27,4.25,4.12,21,21,21,,4,high,
56,56,0,0,1,1,0,2981,5,w,342,1,355,19,1,3.9,4.11,2.24,0.04,2.51,3.87,4.47,3.76,3.8,3.71,20,20,20,,4,high,
57,57,0,0,1,1,0,3412,5,w,401,1,91,18,1,5.15,4.69,5.55,3.96,5.8,4.43,4.81,4.05,4.57,4,18,18,18,,4,high,
58,58,0,0,1,1,0,13099,5,g,1880,1,202,20,1,3.38,3.8,4.59,2.695,4.68,3.74,3.99,3.49,4.12,3.78,21,21,21,,4,high,
59,59,0,0,1,0,1,13225,5,g,1885,1,94,16,1,5.54,4.79,3.37,2.322,3.08,4.17,4.41,4.04,4.46,4.59,15,15,15,,4,high,
60,60,1,0,0,0,1,14172,5,g,2005,1,103,17,1,13.66,14.71,13.11,7.87,13,4.59,4.87,4.05,4.11,4.51,17,17,17,0,4,high,
61,61,0,0,1,0,1,14303,5,g,2021,1,151,10,1,6.69,6.43,6.73,4.807,6.56,4.59,4.94,4.58,5.13,5.56,9,9,9,,4,high,
62,62,1,0,0,0,1,14677,5,g,2109,1,182,14,0,9.98,10.24,13.93,7.035,8.29,5.19,5.33,5.2,5.41,5.71,14,14,14,,4,high,
63,63,0,0,1,0,1,217,4,g,28,1,210,17,1,9.57,10.18,8.16,5.527,7.59,3.35,3.86,2.82,3.03,2.99,17,17,17,,4,high,
64,64,1,0,0,1,0,801,4,w,76,1,168,15,1,1.63,0.95,1.44,1.202,1.63,3.39,3.96,3.12,3.71,3.46,15,15,15,0,4,high,
65,65,0,0,1,1,0,1241,4,g,113,1,211,15,1,5.16,4.81,5.44,2.4,4.23,3.37,3.57,3.5,4,4.35,15,15,15,,4,high,
66,66,0,0,1,1,0,1588,4,g,157,1,153,14,0,10.51,10.29,11.85,7.818,13.9,4.49,4.49,4.62,4.79,5.38,17,17,17,,4,high,
67,67,0,0,1,1,0,1588,4,g,157,1,153,17,1,7.92,8.32,7.7,2.403,6.32,3.74,3.96,3.79,3.96,4.03,18,18,18,,4,high,
68,68,0,0,1,1,0,1588,4,g,157,1,153,17,0,1.35,0.99,1.09,0.837,1.85,4.94,5.5,4.59,4.16,4.67,17,17,17,,4,high,
69,69,1,0,0,1,0,1588,4,g,157,1,153,15,1,6.63,7.19,7,3.222,6.44,4.68,5.08,4.27,4.41,4.55,16,16,16,0,4,high,
70,70,0,0,1,1,0,1627,4,w,166,1,320,17,1,4.8,6.45,4.23,3.123,6.28,4.34,4.94,3.78,3.82,3.81,17,17,17,,4,high,
71,71,1,0,0,1,0,1627,4,w,166,1,320,18,0,3.53,5.13,6.74,,6.58,6.5,6.71,6,,5.18,24,24,24,,4,high,
72,72,0,0,1,0,1,2060,4,g,202,1,173,20,0,9.45,10.03,9.83,6.769,10.39,3.66,4.21,3.59,3.54,3.1,22,22,22,,4,high,
73,73,0,0,1,0,1,2112,4,w,208,1,406,16,0,11,11.45,11.12,8.263,9.89,4.04,4.65,4.12,4.74,4.67,15,15,15,,4,high,
74,74,1,0,0,1,0,2149,4,g,210,1,177,19,1,3.66,3.5,4.56,2.865,5.06,2.75,3.14,2.58,3.33,2.65,19,19,19,0,4,high,
75,75,1,0,0,0,1,2896,5,r,319,1,215,19,1,5.98,9.11,3.34,1.287,1.83,4.66,5.09,4.36,4.07,3.92,19,19,19,0,4,high,
76,76,1,0,0,1,0,2896,5,r,319,1,215,20,0,1.5,0.92,1.96,0.521,1.37,5.19,5.51,4.8,4.64,4.48,20,20,20,,4,high,
77,77,1,0,0,0,1,2896,5,r,319,1,215,12,1,5.38,5.53,7.28,3.263,5.75,4.96,5.14,5.26,5.12,4.81,11,11,11,0,4,high,
78,78,0,0,1,0,1,3694,5,w,422,1,287,15,1,11.67,13.18,10.82,8.16,12.16,5.22,5.44,4.52,4.74,4.7,16,16,16,,4,high,
79,79,1,0,0,0,1,3694,5,w,422,1,287,12,0,7.57,7.88,8.79,4.863,7.14,4.62,5.29,4.38,4.76,4.42,14,14,14,,4,high,
80,80,1,0,0,0,1,4055,5,w,423,1,283,13,1,5.5,6.57,7.95,5.41,7.92,3.81,4.54,3.6,4.12,3.84,15,15,15,0,4,high,
81,81,0,0,1,0,1,3940,5,g,469,1,195,16,1,6.24,8.26,7.37,3.883,6.93,4.18,4.82,4.24,4.18,4.11,17,17,17,,4,high,
82,82,1,0,0,0,1,4526,5,w,551,1,479,13,0,3.17,3.17,3.16,1.027,1.32,5.21,5.45,4.85,4.71,4.58,14,14,14,,4,high,
83,83,0,0,1,1,0,257,3,w,34,1,97,20,0,8.99,8,7.59,3.806,6.45,4.06,4.29,4.18,3.92,3.97,20,20,20,,2,low,
84,84,1,0,0,0,1,1046,3,w,98,1,179,9,0,12.21,11.98,11.24,7.929,6.97,5.63,6.11,5.72,5.55,4.72,10,10,10,,2,low,
85,85,1,0,0,1,0,1046,3,w,98,1,179,20,0,6.09,6.47,4.25,2.932,3.53,4.58,5.1,4.69,4.32,4.5,19,19,19,,2,low,
86,86,1,0,0,1,0,1046,3,w,98,1,179,11,0,6.41,7.67,6.58,4.342,6.91,6.13,7.53,6.2,6.55,6.06,10,10,10,,2,low,
87,87,1,0,0,0,1,1046,3,w,98,1,179,8,1,13.27,16.4,9.99,4.953,4.68,6.2,6.67,4.84,5.87,4.57,9,9,9,0,2,low,
88,88,1,0,0,0,1,1046,3,w,98,1,179,9,0,13.8,15.69,14.81,7.895,14.96,4.94,5.52,5.04,5.16,4.83,10,10,10,,2,low,
89,89,1,0,0,1,0,1046,3,w,98,1,179,15,1,7.33,6.66,9.1,7.435,8.78,5.14,5.92,5.02,4.86,4.41,15,15,15,0,2,low,
90,90,1,0,0,0,1,1285,3,w,121,1,172,9,0,13.19,13.42,11.79,8.435,7.12,5.28,5.63,4.92,5.24,4.45,10,10,10,,2,low,
91,91,1,0,0,0,1,1285,3,w,121,1,172,20,1,8.55,9.27,7.34,5.801,8.53,3.88,4.4,3.7,3.75,3.96,20,20,20,0,2,low,
92,92,1,0,0,1,0,1285,3,w,121,1,172,13,1,6.46,7.27,6.64,4.523,6.65,4.5,5.38,4.2,4.79,4.86,12,12,12,0,2,low,
93,93,1,0,0,0,1,1285,3,w,121,1,172,9,1,13.27,16.4,9.99,4.953,4.68,5.47,5.91,4.09,5.01,4.18,10,10,10,0,2,low,
94,94,1,0,0,1,0,1285,3,w,121,1,172,16,1,5.78,7.46,6.6,4.355,6.89,4.14,4.66,3.78,4.05,4.19,17,17,17,0,2,low,
95,95,1,0,0,0,1,1285,3,w,121,1,172,9,1,13.27,14.37,13.9,7.45,9.81,4.13,4.82,4.27,4.41,4.03,10,10,10,0,2,low,
96,96,1,0,0,0,1,435,3,w,50,1,132,9,1,10.35,10.77,8.76,5.787,5.12,5.81,6.22,5.56,5.46,4.45,9,9,9,0,3.3,high,
97,97,1,0,0,1,0,1050,3,w,99,1,154,10,0,9.39,12.44,13.1,7.152,11.79,4.93,5.51,4.97,4.88,4.82,11,11,11,,3.3,high,
98,98,1,0,0,0,1,1384,3,w,120,1,188,17,1,4.61,5.7,3.18,,3.62,4.8,5.08,4.6,,4.16,18,18,18,0,3.3,high,
99,99,1,0,0,0,1,1384,3,w,120,1,188,8,0,16.7,16.21,17.03,,17.54,7.72,7.69,6.12,,5.99,7,7,7,,3.3,high,
100,100,1,0,0,0,1,1384,3,w,120,1,188,11,0,10.91,12.73,13,7.819,6,6.44,6.91,6.09,6.33,5.82,11,11,11,,3.3,high,
101,101,1,0,0,1,0,1384,3,w,120,1,188,11,0,9.41,9.98,7.99,6.408,11.07,6.31,7.03,6.09,6.02,6.16,11,11,11,,3.3,high,
102,102,1,0,0,0,1,1894,3,w,187,1,190,16,1,4.41,5.43,3.53,,6.16,4.74,4.95,4.5,,4.62,15,15,15,0,3.3,high,
103,103,0,0,1,1,0,2899,4,g,350,1,150,10,1,3.27,1.55,1.84,,2.36,5.85,6.14,5.45,,5.07,12,12,12,,3.3,high,
104,104,1,0,0,1,0,5097,4,g,640,1,107,18,0,9.56,9.58,11.11,7.233,10.84,4.99,5.31,4.77,5.1,4.31,19,19,19,,3.3,high,
105,105,1,0,0,1,0,5097,4,g,640,1,107,12,0,17.74,16.3,19.84,,20.23,5.37,5.62,4.42,,3.29,15,15,15,,3.3,high,
106,106,1,0,0,1,0,5097,4,g,640,1,107,12,0,12.67,11.89,14.24,9.973,14.82,5.47,5.47,5.54,5.65,4.15,11,11,11,,3.3,high,
107,107,0,0,1,0,1,6186,5,g,953,1,81,8,1,5.53,5.9,7.96,5.175,5.45,3.44,3.73,3.2,3.81,4.48,7,7,7,,3.3,high,
108,108,0,0,1,0,1,6180,5,w,959,1,163,14,0,9.61,10.68,7.15,3.752,6.42,5.95,6.24,5.42,5.23,5.35,13,13,13,,3.3,high,
109,109,0,0,1,0,1,6180,5,w,959,1,163,6,1,13.87,12.54,12.54,8.032,5.93,5.99,6.82,5.56,5.49,5.18,5,5,5,,3.3,high,
110,110,0,0,1,0,1,6614,5,w,961,1,132,19,0,16.07,15.83,9.61,1.644,6.08,6.05,6.26,5.39,4.94,4.31,22,22,22,,3.3,high,
111,111,1,0,0,0,1,1136,3,w,98,1,122,13,1,12.45,11.7,13.2,,12.73,7.08,7.72,6.77,,4.32,16,16,16,0,2.5,low,
112,112,1,0,0,1,0,1342,3,w,121,1,149,14,1,10.41,10.78,11.79,8.143,11.44,4.44,5.04,3.9,4.85,4.74,13,13,13,0,2.5,low,
113,113,1,0,0,0,1,1342,3,w,121,1,149,16,1,2.56,2.6,2.1,1.017,0.35,3.2,3.45,2.83,2.98,2.95,16,16,16,0,2.5,low,
114,114,1,0,0,1,0,1342,3,w,121,1,149,14,0,7.12,7.94,7.37,4.657,9.16,5.07,5.74,4.92,5.11,4.86,13,13,13,,2.5,low,
115,115,1,0,0,0,1,1342,3,w,121,1,149,15,0,7.39,4.8,7.48,3.241,7.25,5.45,5.68,5.4,5.05,4.37,14,14,14,,2.5,low,
116,116,1,0,0,1,0,1342,3,w,121,1,149,12,0,3.95,4.86,4.42,2.218,3.98,4.15,4.41,4.02,4.18,4.6,12,12,12,,2.5,low,
117,117,1,0,0,1,0,2662,4,w,303,1,223,10,0,5.7,5.29,7.28,7.178,8.85,6.92,7.38,7.06,6.64,6.98,9,9,9,,2.5,low,
118,118,1,0,0,1,0,2662,4,w,303,1,223,12,1,4.66,5.27,5.32,3.73,5.62,4.31,4.81,4.1,4.69,4.89,12,12,12,0,2.5,low,
119,119,1,0,0,1,0,3103,4,w,354,1,265,20,1,2.46,3.05,1.94,1.107,1.31,3.97,4.39,3.79,3.94,3.64,22,22,22,0,2.5,low,
120,120,1,0,0,1,0,3103,4,w,354,1,265,12,0,9.29,9.16,9.08,,5.57,5.41,5.63,4.91,,5.21,13,13,13,,2.5,low,
121,121,0,0,1,1,0,3730,4,r,425,1,291,13,0,6.34,8.43,6.67,,7.36,4.11,4.8,3.92,,3.44,14,14,14,,2.5,low,
122,122,0,0,1,0,1,42154,4,w,5385,1,361,6,1,0,0,0,,0,4.26,4.9,3.86,5.55,5.46,6,6,6,,2.5,low,FLAGGED
123,123,1,0,0,0,1,1154,3,w,98,1,199,8,1,5.62,7.01,4.04,4.087,5.55,5.24,6.08,4.81,5.94,6.3,8,8,8,0,3.7,high,
124,124,1,0,0,0,1,1264,3,w,98,3,226,8,1,6.83,6.94,6.08,3.822,5.7,4.31,5.03,3.98,4.77,4.04,9,9,9,0,3.7,high,
125,125,0,1,1,0,1,1264,3,w,98,3,226,18,1,7.36,5.96,6.8,,6.09,3.87,4.19,3.32,,3.09,21,21,21,1,3.7,high,
126,126,0,0,1,0,1,1679,3,r,151,1,353,15,1,14.95,15.24,12.08,6.448,5.83,3.5,4.02,3.17,3.33,3.5,16,16,16,,3.7,high,
127,127,1,0,0,0,1,1595,3,w,159,1,228,9,1,2.75,5.76,1.2,0.307,1.18,3.99,4.61,3.65,4.69,4.67,9,9,9,0,3.7,high,
128,128,0,0,1,0,1,1595,3,w,159,1,228,11,1,15.21,16.99,12.99,9.881,15.8,5.63,6.33,4.71,5.16,5.35,11,11,11,,3.7,high,
129,129,1,0,0,1,0,1902,3,r,176,1,244,6,1,14.37,12.67,15.49,10.574,14.47,5.13,5.44,5.47,5.47,5,7,7,7,0,3.7,high,
130,130,1,0,0,0,1,1058,3,w,99,1,185,16,1,2.03,3.52,0.35,0.41,0.25,2.88,3.12,2.36,2.99,3.09,16,16,16,0,4,high,
131,131,0,0,1,0,1,1058,3,w,99,1,185,19,1,8,9.98,6.09,4.672,7.18,2.69,3.18,2.52,2.67,2.66,19,19,19,,4,high,
132,132,0,0,1,0,1,2618,4,w,303,1,397,19,1,4.04,4.48,4.44,0.12,9.01,3.51,3.83,3.43,3.73,3.77,20,20,20,,4,high,
133,133,0,0,1,1,0,3019,4,w,354,1,546,18,0,6.36,5.81,5.21,3.795,4.82,4.17,4.39,3.97,4.12,3.97,18,18,18,,4,high,
134,134,1,0,0,1,0,3019,4,w,354,1,546,20,1,6.84,6.53,6.28,4.492,6.6,3.57,3.77,3.1,3.46,3.97,20,20,20,0,4,high,
135,135,0,0,1,1,0,3019,4,w,354,1,546,19,1,2.02,1.89,1.94,0.021,3.54,3.28,3.57,3.21,3.45,3.67,18,18,18,,4,high,
136,136,0,0,1,1,0,3019,4,w,354,1,546,17,0,3.62,4.18,4.18,4.654,7.31,3.77,4.62,3.37,3.51,3.53,19,19,19,,4,high,
137,137,0,0,1,0,1,3424,4,w,403,1,520,16,1,2.99,2.04,1.51,0.31,1.99,3.44,4.33,2.84,2.97,3.12,18,18,18,,4,high,
138,138,0,0,1,1,0,3424,4,w,403,1,520,19,1,3.45,3.71,3.62,0.047,5.74,3.39,3.74,3.39,3.73,3.68,20,20,20,,4,high,
139,139,0,0,1,0,1,3945,4,r,460,1,185,17,1,10.42,13.79,14.25,,7.41,4.99,5.41,4.76,,3.55,23,23,23,,4,high,
140,140,0,0,1,0,1,4661,4,g,587,1,88,9,1,5.99,6.17,3.98,2.503,1.68,4.84,5.36,4.54,4.74,4.71,11,11,11,,4,high,
141,141,0,0,1,1,0,4779,4,r,592,1,139,11,1,6.8,6.39,6.73,4.162,6.21,5.3,4.88,4.5,3.61,4.4,15,15,15,,4,high,
142,142,1,0,0,1,0,1110,3,w,99,1,136,14,1,5.02,5.79,5.77,3.918,5.96,3.51,3.71,3.62,4.14,4.27,14,14,14,0,1.5,low,
143,143,0,0,1,1,0,6135,5,w,959,1,125,16,1,10.66,8.74,11.23,5.248,9.93,4.45,5.3,4.23,3.9,4.03,15,15,15,,1.5,low,
144,144,0,0,1,0,1,1144,4,w,107,1,219,10,0,8.48,10.31,8.88,5.902,8.19,6.03,6.74,6.06,6.26,6.65,9,9,9,,2,low,
145,145,0,0,1,0,1,1147,4,w,107,1,242,8,0,15.1,16.77,15.69,10.007,8.19,6.67,7.6,6.59,6.45,5.5,7,7,7,,4.5,high,
146,146,1,0,0,1,0,1474,4,w,140,1,152,16,1,6.79,6.97,6.99,,6.85,6.5,6.38,5.21,,4.13,19,19,19,0,3,low,
147,147,1,0,0,1,0,2897,5,g,331,1,251,11,1,4.53,3.06,4.29,2.235,2.62,3.49,4.54,3.17,3.67,4.01,10,10,10,0,3,low,
148,148,0,0,1,1,0,1925,4,g,180,1,94,14,1,3.99,5.04,7.02,,7.19,4.53,4.82,4.37,,4.64,16,16,16,,0,low,
149,149,1,0,0,1,0,2089,5,g,191,1,142,13,1,5.37,6.67,6.23,3.793,7.05,2.51,2.91,2.38,2.58,2.98,16,16,16,0,4,high,
150,150,0,0,1,0,1,2089,5,g,191,1,142,13,1,5.58,3.72,8.75,8.445,11.24,3.29,3.89,3.2,3.96,3.66,13,13,13,,4,high,
151,151,0,0,1,1,0,2238,5,w,251,1,312,12,0,7.95,7.45,8.27,4.069,9.41,5.52,5.82,4.8,4.88,4.66,12,12,12,,2.7,low,
152,152,0,0,1,0,1,2238,5,w,251,1,312,9,0,13.05,11.42,13.52,8.469,13.63,6.58,7.07,6.22,6.49,6.61,9,9,9,,2.7,low,
153,153,0,0,1,1,0,2507,5,w,286,1,299,11,0,7.95,7.45,8.27,4.069,9.41,5.38,5.97,4.7,4.55,4.59,11,11,11,,2.7,low,
154,154,0,0,1,0,1,2507,5,w,286,1,299,17,0,14.25,13.41,10.81,8.476,10.63,5.39,5.61,5.15,5.53,4.48,18,18,18,,2.7,low,
155,155,0,0,1,0,1,2736,5,w,315,1,350,12,0,1.41,3.26,1.4,0.861,2.56,5.25,5.65,4.72,5.38,5.15,12,12,12,,2.7,low,
156,156,0,0,1,0,1,2942,5,w,316,1,358,13,0,1.41,3.26,1.4,0.861,2.56,4.51,5.02,3.94,4.76,4.38,13,13,13,,2.7,low,
157,157,1,0,0,1,0,3804,5,w,422,1,353,15,1,9.35,7.17,8.88,6.559,12.37,3.92,3.9,3.62,4.48,3.6,14,14,14,0,2.7,low,
158,158,0,0,1,1,0,3804,5,w,422,1,353,11,0,9.35,12.15,13.53,7.271,13.69,7.64,7.64,7.91,8.4,6.49,10,10,10,,2.7,low,
159,159,1,0,0,1,0,4094,5,w,423,1,367,16,1,10.25,7.68,9.18,6.065,11.99,4.14,4.09,3.82,4.42,3.8,15,15,15,0,2.7,low,
160,160,0,0,1,1,0,4094,5,w,423,1,367,18,0,9.59,12.27,12.06,7.747,12.66,5.96,6.49,5.52,5.4,4.93,17,17,17,,2.7,low,
161,161,1,0,0,1,0,3958,5,g,469,1,194,14,1,5.16,5.06,4.8,,5.85,3.58,4.11,3.61,,2.66,14,14,14,0,2.7,low,
162,162,1,0,0,1,0,3958,5,g,469,1,194,12,0,5.2,4.85,5.36,3.494,4.18,3.16,3.41,3.11,4.44,3.74,13,13,13,,2.7,low,
163,163,0,0,1,1,0,3958,5,g,469,1,194,11,1,10.58,9.84,10.66,6.407,11.61,4.21,4.74,4.4,4.93,5.15,10,10,10,,2.7,low,
164,164,1,0,0,1,0,4566,5,w,551,1,587,11,1,7.67,8.03,7.34,5.055,6.97,3.41,3.4,3.62,4.94,4.17,10,10,10,0,2.7,low,
165,165,0,0,1,1,0,4566,5,w,551,1,587,11,1,4.61,4.91,4.62,0.012,10.24,4.22,4.72,3.5,4.2,3.99,11,11,11,,2.7,low,
166,166,1,0,0,1,0,4566,5,w,551,1,587,14,1,7.33,7.63,7.64,4.897,5.9,4.73,4.91,4.81,5.61,4.44,13,13,13,0,2.7,low,
167,167,0,0,1,1,0,4566,5,w,551,1,587,14,1,12.12,12.28,11.64,7.768,11.96,4.03,4.58,3.71,3.89,3.43,14,14,14,,2.7,low,
168,168,0,0,1,0,1,4566,5,w,551,1,587,12,1,12.36,12.44,13.24,9.119,11.54,3.79,4.22,3.92,4.24,3.96,12,12,12,,2.7,low,
169,169,0,0,1,0,1,4566,5,w,551,1,587,12,0,17.56,16.98,17.37,,14.86,5.57,6.05,5.16,,4.73,13,13,13,,2.7,low,
170,170,0,0,1,1,0,4566,5,w,551,1,587,9,1,4.49,5.69,5.32,,0,5.34,5.78,5.53,,5.13,9,9,9,,2.7,low,FLAGGED
171,171,0,0,1,1,0,5021,5,w,607,1,653,7,0,1.83,1.79,1.77,1.653,2.69,7.1,7.74,6.47,6.33,4.77,6,6,6,,2.7,low,
172,172,1,0,0,1,0,5021,5,w,607,1,653,11,1,6.93,8.13,5.87,4.124,7.79,4.43,5.37,4.27,4.68,4.29,10,10,10,0,2.7,low,
173,173,1,0,0,1,0,5021,5,w,607,1,653,19,0,8.35,9.1,8.01,5.112,8.12,4.53,4.76,4.19,4.23,3.98,18,18,18,,2.7,low,
174,174,0,0,1,1,0,5214,5,w,655,1,636,7,1,2.51,2.7,2.27,1.623,2.3,4.6,5.71,4.55,5.02,3.85,7,7,7,,2.7,low,
175,175,1,0,0,1,0,5214,5,w,655,1,636,12,1,8.1,8.82,7.41,5.179,8.3,3.62,4.23,3.37,3.97,3.54,11,11,11,0,2.7,low,
176,176,1,0,0,1,0,5214,5,w,655,1,636,19,1,6.76,8.9,5.7,1.014,7.61,4.11,4.42,3.58,3.63,3.38,19,19,19,0,2.7,low,
177,177,0,0,1,0,1,2566,4,w,291,1,135,16,1,12.5,18.28,12.02,,17.4,4.87,5.3,4.8,,4.75,15,15,15,,3.8,high,
178,178,0,0,1,0,1,3106,4,w,354,1,290,19,1,12.5,18.28,12.02,,17.4,4.16,4.64,3.92,,3.88,21,21,21,,3.8,high,
179,179,0,0,1,1,0,3927,4,r,460,1,206,17,1,4.16,4.66,5.33,3.334,4.27,3.08,3.34,2.99,3.02,2.92,19,19,19,,3.8,high,
180,180,0,0,1,0,1,3975,4,r,461,1,707,20,1,11.52,14.01,12.93,5.091,7.03,3.39,4.04,3.41,3.56,3.24,24,24,24,,3.8,high,
181,181,0,0,1,0,1,4676,4,g,587,1,71,13,0,9.72,11.57,12.47,5.925,9.75,4.89,5.38,5.41,4.59,4.42,15,15,15,,3.8,high,
182,182,0,0,1,0,1,4676,4,g,587,1,71,16,1,5.17,6.35,3.18,2.895,2.17,3.89,4.24,4.14,3.94,3.83,17,17,17,,3.8,high,
183,183,0,0,1,1,0,12254,5,g,1740,2,259,18,1,4.57,6.34,4.92,4.234,6.28,4.4,5.09,4.24,4.39,4.28,20,20,20,,3.8,high,
184,184,0,0,1,1,0,13279,5,g,1885,1,332,13,0,1.53,3.53,0.8,0.456,0.75,4.51,4.69,3.9,4.65,4.64,12,12,12,,3.8,high,
185,185,0,0,1,1,0,13279,5,g,1885,1,332,14,1,5.15,4.79,4.65,2.387,4.45,3.54,3.98,3.36,3.67,3.43,14,14,14,,3.8,high,
186,186,0,0,1,1,0,13279,5,g,1885,1,332,9,0,9.26,11.47,10.89,6.018,7.86,4.92,5.35,5,4.29,4.23,9,9,9,,3.8,high,
187,187,0,0,1,1,0,13279,5,g,1885,1,332,15,0,3.42,4.5,5.46,5.417,7.91,4.63,4.89,4.75,4.82,5.11,15,15,15,,3.8,high,
188,188,0,0,1,1,0,13279,5,g,1885,1,332,14,1,1.64,3.74,1.35,0.503,0.62,3.74,4.24,3.19,3.18,3.01,16,16,16,,3.8,high,
189,189,0,0,1,1,0,18157,5,w,2497,1,59,13,1,1.85,1.8,2.22,1.419,2.76,5.22,5.29,4.86,5.03,5.39,12,12,12,,3.8,high,
190,190,0,0,1,1,0,3419,3,g,402,1,105,11,1,9.26,8.63,9.89,7.264,9.36,4.81,5.28,4.78,4.76,5.23,11,11,11,,2,low,
191,191,0,0,1,0,1,3849,3,g,444,1,168,20,1,7.26,8.07,5.73,4.394,4.37,4.15,4.89,4.01,3.94,4.07,20,20,20,,2,low,
192,192,0,0,1,0,1,3849,3,g,444,1,168,11,1,3.81,6.29,2.17,3.73,0.69,4.84,5.31,4.55,5.83,5.27,12,12,12,,2,low,
193,193,0,0,1,0,1,3849,3,g,444,1,168,12,0,8.98,9.31,8.7,5.986,10.1,5.28,5.56,4.85,5.56,5.08,11,11,11,,2,low,
194,194,0,0,1,1,0,3849,3,g,444,1,168,15,0,6,5.48,7.39,5.64,6.61,5.87,6.4,5.02,5.19,4.89,15,15,15,,2,low,
195,195,0,0,1,1,0,4074,3,g,492,1,107,10,1,12.61,12.49,12.21,12.434,14.59,4.05,4.71,4.12,4.73,4.1,9,9,9,,2,low,
196,196,1,0,0,0,1,4051,4,g,473,1,55,16,0,11.14,11.52,11.39,7.996,12.3,4.58,5.11,4.57,4.39,3.88,15,15,15,,4,high,
197,197,1,0,0,0,1,4051,4,g,473,1,55,11,1,9.85,11.5,8.96,6.669,10.37,4.8,5.18,4.81,5.09,5.08,10,10,10,0,4,high,
198,198,0,0,1,0,1,7473,5,w,1138,1,65,11,0,3.58,4.2,3.92,,2.05,6.46,6.54,6.27,,5.81,13,13,13,,4,high,
199,199,0,0,1,1,0,11232,5,w,1640,1,135,12,1,0,0.01,0.02,0.04,0.02,4.98,5.5,4.95,5.42,4.95,12,12,12,,4,high,
200,200,0,0,1,1,0,6194,4,w,976,2,294,12,0,1.82,1.74,1.91,,1.44,4.38,5.54,3.41,,4.34,14,14,14,,2.8,low,
201,201,1,0,0,1,0,6194,4,w,976,2,294,15,1,6.64,6.19,5.96,,6.92,4.2,5.07,4.1,,3.92,16,16,16,0,2.8,low,
202,202,0,0,1,1,0,6687,4,w,976,3,303,12,0,1.82,1.74,1.91,1.24,1.44,3.38,4.08,3.31,3.48,4.01,11,11,11,,2.8,low,
203,203,1,0,0,1,0,6687,4,w,976,3,303,15,1,6.64,6.19,5.96,4.252,6.92,3.83,4.35,3.64,3.83,3.72,15,15,15,0,2.8,low,
204,204,0,0,1,1,0,6195,4,g,981,1,128,18,1,3.5,3.66,2.84,1.721,2.81,3.92,4.05,3.8,3.75,3.84,18,18,18,,2.8,low,
205,205,0,0,1,1,0,7798,4,r,1169,1,58,18,0,11.02,11.23,11.1,6.562,10.92,4.75,4.95,4.53,4.59,4.88,18,18,18,,2.8,low,
206,206,0,0,1,0,1,11505,4,g,1670,1,115,15,0,4,6.9,6.64,3.373,5.04,5.04,5.22,5.07,5.39,5.02,15,15,15,,2.8,low,
207,207,0,0,1,0,1,11575,4,g,1670,2,116,15,0,4,6.9,6.64,3.373,5.04,4.26,4.69,4.39,4.99,4.78,15,15,15,,2.8,low,
208,208,0,0,1,1,0,13984,5,w,1893,1,268,13,0,9.01,9.47,9.9,6.056,10.33,4.01,4.44,3.74,4.23,4.46,12,12,12,,2.8,low,
209,209,0,0,1,1,0,13989,5,w,1896,1,799,11,1,9.09,9.38,8.48,,8.95,5.09,5.24,4.69,,4.83,14,14,14,,2.8,low,
210,210,0,0,1,1,0,13983,5,w,1897,1,801,12,1,7.4,8.86,6.61,4.28,7.07,3.86,4.27,3.43,3.09,3.55,14,14,14,,2.8,low,
211,211,1,0,0,0,1,14318,5,w,1898,1,740,20,0,4.27,2.93,2.73,2.086,3.47,4.16,4.62,4,4.08,3.49,25,25,25,,2.8,low,
212,212,1,0,0,1,0,14318,5,w,1898,1,740,14,1,7.5,7.87,6.84,3.505,5.98,3.81,4.32,3.61,4.13,3.76,16,16,16,0,2.8,low,
213,213,0,0,1,1,0,14318,5,w,1898,1,740,15,1,4.81,4.13,4.05,2.793,5.03,4.02,4.45,3.67,3.77,3.73,18,18,18,,2.8,low,
214,214,1,0,0,1,0,14318,5,w,1898,1,740,20,0,1.99,2.35,0.92,0.933,1.6,4.51,4.77,3.9,3.76,3.74,26,26,26,,2.8,low,
215,215,0,0,1,1,0,14317,5,w,1899,3,710,16,1,4.69,5.06,4.45,2.647,5.24,3.95,4.45,3.85,3.78,3.89,19,19,19,,2.8,low,
216,216,0,0,1,1,0,14317,5,w,1899,3,710,19,0,3.63,3.37,4.99,3.204,4.81,4.87,5.03,4.62,4.97,4.86,19,19,19,,2.8,low,
217,217,0,0,1,0,1,6213,4,w,976,2,118,5,1,14.32,13.44,16.14,10.357,8.65,6.28,7.75,6.08,6.48,5.67,4,4,4,,2.8,low,
218,218,0,0,1,0,1,6202,4,g,981,1,177,16,0,11,11.45,10.03,7.04,10.86,5.36,5.69,4.96,5.4,5,16,16,16,,2.8,low,
219,219,0,0,1,1,0,6202,4,g,981,1,177,16,1,5.52,4.13,5.99,,4.93,5.58,6.01,5.39,,4.74,17,17,17,,2.8,low,
220,220,0,0,1,1,0,6202,4,g,981,1,177,14,1,3.37,4.95,4.44,1.61,2.05,3.35,3.88,3.3,4.13,3.44,16,16,16,,2.8,low,
221,221,0,0,1,1,0,6202,4,g,981,1,177,16,1,6.02,5.68,7.45,5.835,9.25,4.97,5.38,4.72,5.02,4.39,16,16,16,,2.8,low,
222,222,1,0,0,1,0,6202,4,g,981,1,177,10,1,4.93,5.05,6.34,4.214,5.21,4,4.64,3.75,4.65,5.1,9,9,9,0,2.8,low,
223,223,0,0,1,1,0,6449,4,r,1002,1,85,14,0,8.94,6.47,5.88,,9.97,6.09,6.19,5.48,,5.56,20,20,20,,2.8,low,
224,224,0,0,1,1,0,6611,4,g,1037,1,94,12,1,10.18,6.7,7.22,4.069,5.19,4.62,4.75,4.34,4.63,4.85,11,11,11,,2.8,low,
225,225,0,0,1,0,1,6611,4,g,1037,1,94,17,1,12.52,12.98,12.51,9.388,11.35,4.33,4.76,4.03,4.37,4,16,16,16,,2.8,low,
226,226,0,0,1,1,0,6945,4,g,1076,1,93,12,1,4.57,4.96,4.24,3.006,4.8,4.03,4.41,3.8,4.15,4.51,11,11,11,,2.8,low,
227,227,0,0,1,0,1,6945,4,g,1076,1,93,16,1,13.76,13.95,12.97,8.98,11.55,4.4,5.08,3.98,4.48,4,15,15,15,,2.8,low,
228,228,0,0,1,0,1,7632,4,g,1119,1,159,13,1,5.31,9.82,8.82,3.347,6.6,3.6,4.07,3.67,4.25,4.1,13,13,13,,2.8,low,
229,229,0,0,1,1,0,7504,4,w,1129,1,476,9,1,4.12,4.6,2.61,0.014,6.6,4.29,5.09,3.95,3.79,3.56,10,10,10,,2.8,low,
230,230,0,0,1,0,1,7504,4,w,1129,1,476,19,0,5.76,6.49,6.24,,5.89,4.26,4.53,3.68,,3.86,21,21,21,,2.8,low,
231,231,0,0,1,1,0,7504,4,w,1129,1,476,12,1,5.02,6.41,5.21,0.449,11.7,4.11,4.33,4.43,4.88,4.76,12,12,12,,2.8,low,
232,232,1,0,0,1,0,7504,4,w,1129,1,476,16,1,8.53,8.28,8.93,5.911,8.55,4.2,4.6,4.15,4.35,4.73,16,16,16,0,2.8,low,
233,233,1,0,0,1,0,7504,4,w,1129,1,476,10,0,17.81,18.67,16.82,9.224,11.25,6.71,7.41,6.5,7.64,5.84,9,9,9,,2.8,low,
234,234,0,0,1,0,1,7636,4,w,1129,2,476,20,0,6.15,6.76,6.43,,5.82,4.21,4.39,3.7,,3.83,22,22,22,,2.8,low,
235,235,0,0,1,1,0,8485,4,w,1250,1,612,18,1,2.16,3.12,3.89,2.812,3.54,4.36,4.95,4.37,4.74,3.93,19,19,19,,2.8,low,
236,236,1,0,0,1,0,8485,4,w,1250,1,612,10,0,10.9,10.72,9.45,6.3,10.16,5.42,6.19,5,5.6,4.68,11,11,11,,2.8,low,
237,237,1,0,0,1,0,6151,4,w,980,1,13,11,1,10.82,10.45,11.23,,10.44,5.39,5.42,5.58,,4.27,19,19,19,0,3.5,high,
238,238,0,1,1,0,1,6648,4,w,1038,1,340,15,1,7.16,8.37,7.31,,5.68,3.72,4.46,2.96,,2.46,18,18,18,1,3.5,high,
239,239,0,0,1,0,1,6648,4,w,1038,1,340,10,0,0,0,0,,12.7,4.1,4.28,3.97,3.8,4.24,11,11,11,,3.5,high,
240,240,0,0,1,0,1,7047,4,w,1089,1,211,19,1,8.95,8.34,9.7,6.938,4.42,4.62,4.72,4.23,4.79,4.03,20,20,20,,3.5,high,
241,241,1,0,0,1,0,7017,4,g,1090,1,148,12,1,7.13,5.31,6.41,4.645,6.33,4.43,5.29,3.79,4.38,4.67,12,12,12,0,3.5,high,
242,242,1,0,0,1,0,9753,4,w,1463,1,268,17,1,6.47,7.14,5.07,4.059,7.3,4.8,4.87,4.64,5,5.21,17,17,17,0,3.5,high,
243,243,1,0,0,1,0,9753,4,w,1463,1,268,9,1,7.27,6.54,8.36,5.301,12.1,4.83,5.12,4.83,5.24,4.68,9,9,9,0,3.5,high,
244,244,0,0,1,0,1,11908,5,g,1740,1,202,17,0,0,0,0,,0,4.43,4.6,4.23,3.97,3.92,23,23,23,,3.5,high,FLAGGED
245,245,0,0,1,0,1,12084,5,w,1782,1,422,19,0,2.92,3.81,1.61,1.15,1.37,4.8,4.82,4.57,4.54,5.16,20,20,20,,3.5,high,
246,246,0,0,1,0,1,12084,5,w,1782,1,422,12,1,0,0,0,,12.65,4.51,4.7,4.1,5.43,3.79,17,17,17,,3.5,high,
247,247,1,0,0,1,0,12084,5,w,1782,1,422,18,1,8.81,10.66,9.6,6.444,10.7,4.33,4.78,4.33,5.12,2.93,21,21,21,0,3.5,high,
248,248,0,0,1,0,1,13096,5,g,1880,1,129,11,1,0,0,0,,12.65,5.03,5.41,4.99,5.76,5.3,11,11,11,,3.5,high,
249,249,0,0,1,0,1,13211,5,g,1885,1,211,10,1,0,0,0,,0,4.5,4.76,4.25,5.1,5.4,10,10,10,,3.5,high,FLAGGED
250,250,0,0,1,0,1,6981,3,w,1020,1,211,20,1,2.48,7.33,1.85,1.584,2.81,3.93,4.34,3.65,4.29,4.09,20,20,20,,3.1,low,
251,251,0,0,1,0,1,6981,3,w,1020,1,211,11,0,14.02,14.39,17.32,8.626,13.59,5.58,6.32,6.3,5.98,6.27,10,10,10,,3.1,low,
252,252,0,0,1,0,1,6500,3,w,1027,1,209,19,0,2.48,7.33,1.85,1.584,2.81,4.64,4.94,4.39,4.9,4.76,19,19,19,,3.1,low,
253,253,0,0,1,0,1,7905,3,w,1177,1,99,20,0,15.25,19.88,12.23,,12.97,4.64,5.53,4.21,,3.57,23,23,23,,3.1,low,
254,254,0,0,1,0,1,7904,3,g,1210,1,139,14,1,7.53,9.46,5.08,2.82,2.82,2.59,2.94,2.49,3.05,2.61,19,19,19,,3.1,low,
255,255,0,0,1,0,1,9361,3,w,1381,1,138,14,1,4.92,7.83,3.21,3.292,3.52,3.51,4.16,3.1,3.41,3.28,14,14,14,,3.1,low,
256,256,0,0,1,1,0,6502,3,g,1028,1,89,5,1,7.67,8.68,8.23,5.524,8.97,5.82,6.98,5.19,5.6,4.96,4,4,4,,3.2,low,
257,257,0,0,1,1,0,7099,3,w,1073,1,61,16,0,6.94,5.71,7,4.899,8.89,5.14,5.19,4.97,4.5,4.45,16,16,16,,3.2,low,
258,258,0,0,1,0,1,7099,3,w,1073,1,61,8,0,8.48,10.07,10.76,6.32,11.29,4.78,5.88,4.19,4.68,4.39,8,8,8,,3.2,low,
259,259,0,0,1,0,1,9573,3,g,1411,1,127,13,1,4.38,5.23,4.03,4,3.25,4.72,4.89,4,4.49,4.13,14,14,14,,3.2,low,
260,260,0,0,1,0,1,9573,3,g,1411,1,127,18,1,5.55,6.11,5.86,3.121,3.79,3.86,4.39,3.34,3.55,3.63,19,19,19,,3.2,low,
261,261,0,0,1,0,1,11488,3,w,1671,1,105,11,0,7.24,9.35,8.91,5.143,4.01,4.76,5.05,4.63,5.01,4.59,12,12,12,,3.2,low,
262,262,0,0,1,1,0,12097,4,g,1781,1,125,9,1,8.31,7.17,7.96,5.434,7.45,6.25,6.71,5.94,6.16,4.44,9,9,9,,3.2,low,
263,263,0,0,1,1,0,7243,4,w,1117,1,186,9,1,9.91,7.31,11.39,7.4,12.8,4.51,5.05,4.16,5.08,5.65,8,8,8,,4.5,high,
264,264,0,0,1,0,1,9373,4,g,1380,1,136,15,1,0,0,0,,0,3.75,4.05,3.46,3.96,3.71,15,15,15,,4.5,high,FLAGGED
265,265,0,0,1,0,1,9587,3,g,1411,1,101,19,1,6.21,8,3.93,,2.56,4.7,4.89,4.64,,3.55,24,24,24,,2,low,
266,266,0,0,1,1,0,9587,3,g,1411,1,101,20,0,6.84,6.12,5.75,,4.6,4.87,5.09,4.41,,3.98,27,27,27,,2,low,
267,267,1,0,0,1,0,11456,3,w,1668,1,60,10,0,6.46,6.3,6.46,4.572,7.09,4.42,4.72,4.14,3.64,3.56,10,10,10,,2,low,
268,268,1,0,0,0,1,12689,4,g,1826,1,107,18,1,10.73,9.53,11.05,6.382,8.33,3.55,3.56,2.96,3.15,3.15,19,19,19,0,2,low,
269,269,0,0,1,1,0,12689,4,g,1826,1,107,13,0,10.4,9.97,10.61,7.607,11.5,5.48,5.89,5.18,5.06,4.96,12,12,12,,2,low,
270,270,0,0,1,0,1,9603,3,g,1411,1,187,13,1,4.33,5.09,3.14,3.562,2.56,4.37,4.31,3.98,4.78,4.33,14,14,14,,3.2,low,
271,271,0,0,1,0,1,9603,3,g,1411,1,187,15,0,4.85,5.08,4.84,,4.48,4.68,4.92,4.84,,4.95,15,15,15,,3.2,low,
272,272,0,0,1,0,1,11752,4,w,1683,1,158,10,0,13.56,13.65,12.17,2.566,3.3,6.66,7.01,6.12,6.1,6.22,10,10,10,,4,high,
273,273,0,0,1,0,1,11732,5,g,1684,1,228,19,1,1.88,2.85,1.36,0.814,1.32,3.62,3.89,3.39,3.73,4.06,20,20,20,,4.2,high,
274,274,0,0,1,1,0,12255,5,g,1740,3,250,18,1,0.18,5.03,0.3,0.179,0,3.63,4.02,3.55,4.18,3.93,17,17,17,,4.2,high,FLAGGED
275,275,0,0,1,0,1,12253,5,w,1782,1,663,19,0,0,0,0,,0,5.26,5.16,5.05,4.73,4.88,18,18,18,,4.2,high,FLAGGED
276,276,0,0,1,1,0,12253,5,w,1782,1,663,16,1,5.65,5.44,4.16,3.662,3.98,4.49,4.96,4.46,4.41,4.42,15,15,15,,4.2,high,
277,277,0,0,1,1,0,13203,5,g,1880,1,144,10,1,0.89,0.86,1.17,0.804,0.45,5.39,5.84,5.44,5.57,5.77,10,10,10,,4.2,high,
278,278,0,0,1,1,0,13217,5,g,1885,1,166,17,1,1.32,3.32,0.79,0.477,1.11,4.72,5.51,4.39,4.19,4.12,18,18,18,,4.2,high,
279,279,0,0,1,0,1,14280,5,g,2021,1,170,20,1,10.76,8.83,11.7,5.636,10.84,4.34,4.67,4.16,4.45,4.15,19,19,19,,4.2,high,
280,280,1,0,0,1,0,11881,4,g,1711,1,262,8,1,7.75,8.04,7.92,6.053,8.06,2.61,3.21,2.44,3.5,3.83,7,7,7,0,3.6,high,
281,281,0,0,1,0,1,11923,3,w,1751,1,80,11,0,10.52,9.46,9.77,,9.32,5.92,5.84,4.73,,4.62,13,13,13,,3,low,
282,282,0,0,1,0,1,13314,3,w,1901,1,118,5,0,13.8,14.65,14.7,9.677,16.53,9.32,10.07,9.65,9.56,9.28,4,4,4,,3,low,
283,283,0,0,1,1,0,13314,3,w,1901,1,118,10,1,3.67,4.4,3.49,2.461,4.3,4.52,5.36,4.29,4.82,5.08,9,9,9,,3,low,
284,284,0,0,1,0,1,13499,3,w,1931,1,123,6,1,11.29,12.85,10.82,7.857,12.75,5.37,6.37,5.05,5.73,5.99,5,5,5,,3,low,
285,285,0,0,1,1,0,12519,4,r,1779,1,315,14,1,5.15,6.45,5.5,0.525,11.7,3.83,4.1,3.91,3.94,3.48,14,14,14,,3.8,high,
286,286,0,0,1,1,0,12519,4,r,1779,1,315,17,0,6.33,7.85,6.35,5.089,7.58,4.46,4.57,4.3,4.62,4.44,17,17,17,,3.8,high,
287,287,0,0,1,1,0,12519,4,r,1779,1,315,18,0,4.4,4.85,4.82,0.273,8.36,3.95,4.29,3.43,4.06,4.17,20,20,20,,3.8,high,
288,288,0,0,1,0,1,12519,4,r,1779,1,315,16,0,2.03,1.09,0.17,,0.21,5.12,5.06,4.25,,4.07,17,17,17,,3.8,high,
289,289,0,0,1,0,1,14625,4,r,2028,1,121,8,0,6.93,6.82,8.03,,7.23,6.55,6.89,6.54,,7.13,8,8,8,,3.8,high,
290,290,0,0,1,1,0,12229,3,w,1780,1,183,10,1,0.18,5.03,0.3,0.179,0,3.4,4.32,3.81,4.58,4.97,9,9,9,,1,low,FLAGGED
291,291,1,0,0,0,1,12996,3,w,1848,1,108,6,1,9.27,10.55,0.08,0.149,0.13,4.32,6.13,2.01,1.86,2.55,6,6,6,0,1,low,
292,292,0,0,1,0,1,12996,3,w,1848,1,108,19,0,11.91,10.12,11.54,8.695,13.85,3.97,4.21,3.81,4.01,4.03,19,19,19,,1,low,
293,293,1,0,0,0,1,12996,3,w,1848,1,108,14,0,4.89,9.63,0.98,0.061,0.32,5.24,6.07,4.58,4.74,4.88,13,13,13,,1,low,
294,294,0,0,1,1,0,13113,3,w,1881,1,103,14,1,4.51,5,5.76,3.329,4.92,3.94,4.58,3.73,3.65,3.67,14,14,14,,1,low,
295,295,0,0,1,0,1,13113,3,w,1881,1,103,15,0,12.45,13.54,11.02,6.569,11.88,5.61,5.88,5.2,5.5,5.38,14,14,14,,1,low,
296,296,1,0,0,0,1,13198,3,w,1881,2,156,13,1,4.81,9.53,0.36,0.447,0.43,3.81,5.06,3.2,3.66,3.94,12,12,12,0,1,low,
297,297,1,0,0,0,1,12608,3,w,1816,1,114,18,0,19.98,20,18.39,11.113,8.71,4.69,4.71,4.29,4.32,4.22,18,18,18,,3.5,high,
298,298,1,0,0,1,0,12950,3,w,1848,1,91,11,1,3.88,4.99,3.47,2.336,4.74,3.51,3.52,3.28,3.85,3.71,11,11,11,0,3.5,high,
299,299,1,0,0,0,1,12950,3,w,1848,1,91,8,1,6.83,6.98,6.53,4.94,6.56,4.73,5.12,5.12,5.61,5.56,7,7,7,0,3.5,high,
300,300,0,0,1,1,0,12950,3,w,1848,1,91,9,0,4.54,3.83,4.96,3.275,4.29,5.67,5.75,5.57,6.75,5.91,8,8,8,,3.5,high,
301,301,1,0,0,1,0,13068,3,w,1881,1,118,11,1,4.13,5.47,4.46,3.221,6.85,3.57,3.67,3.6,4.26,4.13,10,10,10,0,3.5,high,
302,302,0,0,1,1,0,13068,3,w,1881,1,118,9,1,4.1,3.74,4.99,3.225,3.6,4.28,4.77,4.03,4.92,4.06,8,8,8,,3.5,high,
303,303,0,0,1,0,1,15322,4,g,2214,3,156,18,1,8.75,10.19,8.78,5.433,7.66,3.48,3.9,3.03,3.52,3.12,24,24,24,,3.5,high,
304,304,0,0,1,1,0,12627,3,w,1816,1,158,19,1,6.2,6.36,5.66,2.766,5.04,3.9,4.39,3.4,3.54,3.39,21,21,21,,3.5,high,
305,305,0,0,1,0,1,12627,3,w,1816,1,158,8,0,7.96,9.34,7.92,4.315,4.91,5.91,6.26,5.88,6.32,6.36,9,9,9,,3.5,high,
306,306,1,0,0,1,0,13199,3,w,1881,1,142,7,0,5.71,5.49,5.29,3.321,4.96,5.3,5.75,4.76,5.31,5.43,6,6,6,,3.5,high,
307,307,0,0,1,1,0,13703,3,w,1936,1,213,13,1,2.27,2.87,3.13,0.938,0,5.45,6.12,5.12,4.54,4.86,13,13,13,,3.5,high,FLAGGED
308,308,0,0,1,1,0,14070,3,w,1955,1,314,7,0,1.45,1.42,1.66,,1.64,5.71,6.03,5.85,,5.87,8,8,8,,3.5,high,
309,309,0,0,1,1,0,14070,3,w,1955,1,314,10,0,0,0,0,,0,6.78,7.22,6.19,5.95,6.01,10,10,10,,3.5,high,FLAGGED
310,310,1,0,0,0,1,14331,3,w,2029,1,297,14,0,13.93,16.32,12.45,,5.63,5.37,5.73,5.17,,4.41,15,15,15,,3.5,high,
311,311,1,0,0,0,1,14645,3,w,2106,1,310,11,1,13.93,16.32,12.45,,5.63,4.16,4.38,4.15,,3.95,12,12,12,0,3.5,high,
312,312,0,1,1,0,1,12874,4,g,1826,1,342,12,1,12.02,10.46,9.07,5.226,8.89,5.67,5.78,5.34,5.7,5.41,12,12,12,1,3.3,high,
313,313,0,0,1,1,0,18318,5,g,2499,1,543,15,1,3.85,4.56,4.22,2.051,4.12,4.09,4.13,3.97,3.84,3.94,14,14,14,,3.3,high,
314,314,0,0,1,1,0,13239,4,r,1884,1,225,14,1,4.71,3.89,4.31,,3.93,3.83,4.25,3.53,,3.19,15,15,15,,4,high,
315,315,0,0,1,1,0,13239,4,r,1884,1,225,20,1,8.41,7.34,8.25,,6.58,3.32,3.53,3.41,,3.72,22,22,22,,4,high,
316,316,0,0,1,1,0,14391,4,r,2028,1,197,13,1,6.42,5.97,5.19,3.344,5.45,5.2,5.43,5.1,5.19,4.51,13,13,13,,4,high,
317,317,0,0,1,1,0,14391,4,r,2028,1,197,17,1,6.15,6.2,7.36,4.894,6.8,3.9,4.19,4.1,4.22,4.15,17,17,17,,4,high,
318,318,0,0,1,1,0,14391,4,r,2028,1,197,19,1,5.4,6.29,6.06,3.174,4.76,3.75,4.21,3.64,3.88,4.04,19,19,19,,4,high,
319,319,0,0,1,0,1,13324,4,w,1903,1,137,18,1,9.23,9.57,9.44,8.585,10.56,3.84,4.74,3.94,4.05,4.03,18,18,18,,3,low,
320,320,0,0,1,0,1,13324,4,w,1903,1,137,17,1,7.28,7.96,7.79,7.348,10.13,3.8,4.7,3.76,3.77,3.64,17,17,17,,3,low,
321,321,0,0,1,0,1,13682,5,g,1951,1,272,12,1,11.94,13.78,10.4,,8.61,3.79,4.69,3.9,,4.26,13,13,13,,4.5,high,
322,322,0,0,1,0,1,13682,5,g,1951,1,272,17,1,1.58,2.39,0.73,0.199,0.28,3.42,3.9,3.44,3.29,3.45,18,18,18,,4.5,high,
323,323,1,0,0,0,1,13682,5,g,1951,1,272,11,1,13.57,14.34,14.35,9.773,10.33,5.36,5.77,4.85,5.1,4.62,10,10,10,0,4.5,high,
324,324,0,1,1,0,1,14272,5,g,2016,1,142,14,1,7.31,6.49,3.91,,4.69,3.87,4.03,3.68,,3.29,17,17,17,1,4.5,high,
325,325,1,0,0,1,0,15031,3,g,2178,1,94,11,0,7.2,8.81,7.44,4.726,5.81,3.93,3.99,3.84,4.98,3.3,11,11,11,,2,low,
326,326,0,0,1,0,1,15514,4,w,2206,1,210,16,1,6.62,7.82,7.21,,6.7,3.65,4.41,3.34,,3.16,19,19,19,,3.8,high,
327,327,0,0,1,0,1,15677,4,w,2277,1,424,16,0,4.92,5.81,5.4,2.636,3.33,4.5,4.75,4.03,4.5,3.93,17,17,17,,3.8,high,
328,328,0,0,1,0,1,15677,4,w,2277,1,424,16,0,14.6,14.03,14.11,9.802,12.07,4.73,5.21,4.81,4.83,4.49,19,19,19,,3.8,high,
329,329,0,0,1,0,1,15677,4,w,2277,1,424,9,1,12.43,12.64,7.54,2.553,7.06,6.35,7.59,5.51,6.1,5.44,8,8,8,,3.8,high,
330,330,1,0,0,0,1,17906,3,g,2461,1,275,13,1,9.42,8.23,10.59,,2.28,3.81,3.81,3.1,,3.53,23,23,23,0,3.8,high,
331,331,1,0,0,0,1,17906,3,g,2461,1,275,11,1,15.33,17.54,17.11,,18.29,5.22,5.49,5.56,,5.75,16,16,16,0,3.8,high,
332,332,0,0,1,0,1,17906,3,g,2461,1,275,15,1,6.61,5.69,5.11,3.06,6.22,3.47,3.58,3.24,3.85,3.76,17,17,17,,3.8,high,
333,333,1,0,0,1,0,15183,5,g,2208,1,218,12,0,5.51,5.3,5.96,4.21,5.74,4.3,4.53,4.42,4.9,4.57,11,11,11,,3.3,high,
334,334,0,0,1,0,1,15531,5,g,2243,1,196,12,1,0.66,1.98,0.74,0.619,1.24,3.45,3.78,3.1,3.27,3.71,12,12,12,,3.3,high,
335,335,0,0,1,0,1,15185,5,g,2208,1,99,5,1,0,0,0,,0,4.88,5.74,4.04,6.27,4.69,5,5,5,,4.3,high,FLAGGED
336,336,0,0,1,0,1,15185,5,g,2208,1,99,10,1,1.53,4.42,1.14,1.242,2.2,2.87,3.52,2.45,3.03,2.63,10,10,10,,4.3,high,
337,337,0,0,1,1,0,16000,5,g,2281,1,119,14,1,3.43,3.88,2.87,0.011,5.6,3.14,3.85,2.82,3.49,3.15,14,14,14,,4.3,high,
338,338,0,0,1,0,1,16000,5,g,2281,1,119,13,1,5.32,3.68,3.83,1.433,7.08,4.54,5.08,4.22,4.61,4.57,12,12,12,,4.3,high,
339,339,0,0,1,1,0,16000,5,g,2281,1,119,15,0,1.27,1.78,1.08,1.029,1.4,4.51,4.83,4.61,4.66,4.22,16,16,16,,4.3,high,
340,340,0,0,1,1,0,16052,5,g,2281,2,120,15,1,0.54,0.84,0.28,0.324,0.54,4.19,4.47,4.03,4.26,3.77,16,16,16,,4.3,high,
341,341,0,0,1,0,1,15194,5,g,2208,1,281,16,1,11.03,17.02,10.07,8.143,11.52,5.65,6.38,5.38,5.44,4.43,16,16,16,,3.8,high,
342,342,1,0,0,0,1,18476,5,g,2533,1,172,18,1,5.65,5.38,5.25,3.099,4.05,2.92,3.19,2.76,2.87,2.92,18,18,18,0,3.8,high,
343,343,0,0,1,0,1,15196,5,g,2208,1,95,12,0,0,0,0,,15.08,3.52,3.74,3.98,3.4,4.12,12,12,12,,3,low,
344,344,0,0,1,0,1,18319,5,g,2499,1,243,13,1,3.88,4.43,4.98,2.402,7.13,3.96,4.5,3.84,3.87,4.41,12,12,12,,3,low,
345,345,0,0,1,1,0,15279,4,g,2214,2,164,15,0,4.75,3.59,5.34,3.413,6.27,3.79,3.85,3.57,3.51,3.6,14,14,14,,2.8,low,
346,346,1,0,0,1,0,16178,3,g,2287,1,102,19,0,16.55,17.44,19.47,10.444,15.36,4.35,4.91,4.34,4.78,4.78,19,19,19,,2.6,low,
347,347,1,0,0,0,1,18075,3,g,2461,1,79,6,1,14.02,16.97,15.59,9.529,6.17,5.52,6.43,6.21,6.83,5.41,5,5,5,0,2.6,low,
348,348,1,0,0,1,0,18075,3,g,2461,1,79,14,1,8.43,8.07,8.03,2.848,13.58,4.83,4.87,4.26,4.81,4.47,14,14,14,0,2.6,low,
349,349,1,0,0,1,0,18075,3,g,2461,1,79,7,1,8.29,7.38,9.49,6.236,9.98,7.74,8.5,6.97,7.27,7.42,6,6,6,0,2.6,low,
350,350,0,0,1,1,0,18075,3,g,2461,1,79,8,1,10.94,10.36,10.62,8.275,10.86,7.77,8.39,7.33,8.07,7.2,7,7,7,,2.6,low,
351,351,1,0,0,1,0,18287,3,g,2518,1,94,15,1,3.49,3.15,4.98,3.15,4.47,2.44,2.67,2.52,3.2,2.92,15,15,15,0,2.6,low,
352,352,0,0,1,0,1,16068,5,g,2294,1,226,12,1,5.13,5.06,4.02,2.464,4.62,3.99,3.88,3.7,4.18,4.42,11,11,11,,4,high,
353,353,0,0,1,0,1,18155,5,w,2497,1,74,19,1,4,7.57,2.38,1.567,2.28,3.34,3.72,2.98,2.81,2.94,19,19,19,,4,high,
354,354,0,0,1,1,0,18194,5,g,2499,1,379,8,1,8.26,6.58,10.79,3.784,5.11,4.79,5.07,5.83,6.05,5.79,7,7,7,,3.6,high,
355,355,0,0,1,0,1,18385,4,w,2528,1,53,19,1,15.76,17.13,17.74,14.736,18.04,3.34,4.01,3.32,3.78,3.73,19,19,19,,2.3,low,
356,356,1,0,0,0,1,18504,4,w,2530,1,171,9,0,7.47,8.69,7.8,4.864,4.16,3.97,4.76,3.79,3.97,4.24,8,8,8,,3.6,high,
357,357,1,0,0,0,1,18421,4,w,2531,1,145,16,1,13.14,13.31,11.86,4.021,3.77,3.97,4.28,3.58,3.72,3.53,17,17,17,0,2.6,low,
358,358,0,0,1,1,0,18421,4,w,2531,1,145,20,0,6.81,7.92,6.97,5.045,6.57,4.92,4.93,4.8,4.86,5.02,20,20,20,,2.6,low,
359,359,0,0,1,0,1,18454,5,g,2536,1,238,9,0,2.1,3.91,3.97,,6.2,4.13,4.62,3.87,,3.91,11,11,11,,4.5,high,
360,360,0,0,1,1,0,18483,5,g,2536,2,286,13,1,6.94,7.27,7.54,5.332,8.8,3.99,4.36,3.73,4.58,4.52,12,12,12,,3.6,high,
361,361,0,0,1,1,0,32064,5,l,4197,1,127,12,1,12.59,13.48,9.34,,6.96,5.46,6.17,5.53,,4.66,21,21,21,,4.3,high,
362,362,1,0,0,1,0,32066,5,r,4199,1,143,20,1,0.95,1.06,0.82,0.731,1.15,5.21,5.49,5.18,4.92,4.38,19,19,19,0,4.3,high,
363,363,0,0,1,0,1,32631,5,l,4282,1,131,18,0,1.46,1.9,1.69,,1.89,6.44,6.85,5.55,,5.19,24,24,24,,4.3,high,
364,364,0,0,1,1,0,33768,5,l,4353,1,175,12,1,4.85,4.85,5.36,3.169,4.09,4.56,5.22,4.74,4.33,3.63,12,12,12,,4.3,high,
365,365,1,0,0,1,0,33267,5,w,4375,1,33,19,1,0,0,0,,0,3.87,4.19,3.69,3.68,3.53,19,19,19,0,4.3,high,FLAGGED
366,366,1,0,0,0,1,34067,5,l,4466,1,178,13,0,6.52,7.39,6.11,,8.69,5.05,5.06,4.64,,4.8,17,17,17,,4.3,high,
367,367,0,0,1,1,0,34521,5,w,4531,1,206,14,1,5.93,5.83,5.31,4.313,7.27,3.84,4.51,3.94,3.85,4.1,13,13,13,,4.3,high,
368,368,0,0,1,1,0,32118,5,l,4197,1,131,15,1,5.53,5.31,5.14,0.122,10.22,5.11,5.33,5.35,5.66,4,20,20,20,,2.3,low,
369,369,0,0,1,0,1,31995,4,w,4207,1,479,19,0,6.45,7.41,5.9,,6.27,4.7,5.13,4.44,,3.8,23,23,23,,2.3,low,
370,370,0,0,1,1,0,31995,4,w,4207,1,479,6,0,10.19,8.94,9.98,6.325,12.1,6,6.4,6.62,9.24,7.38,7,7,7,,2.3,low,
371,371,0,0,1,1,0,31995,4,w,4207,1,479,15,1,8.33,8.12,7.77,4.866,7.84,3.53,3.73,3.16,3.53,3.55,14,14,14,,2.3,low,
372,372,1,0,0,1,0,32313,5,l,4257,1,162,19,1,6.74,7.71,6.46,,5.23,4.03,4.3,3.65,,2.68,23,23,23,0,2.3,low,
373,373,0,0,1,0,1,35743,5,l,4604,1,137,20,1,0.65,0.95,0.41,0.189,0.28,4.16,4.51,3.58,3.63,3.66,20,20,20,,2.3,low,
374,374,0,0,1,1,0,35743,5,l,4604,1,137,15,1,2.93,3.67,2.99,1.897,4.28,3.77,4.2,3.47,3.86,3.84,14,14,14,,2.3,low,
375,375,0,0,1,1,0,32224,5,l,4197,1,191,16,0,9.1,9,8.97,6.137,6.63,4.59,5.19,4.28,4.86,4.31,19,19,19,,3.6,high,
376,376,1,0,0,1,0,32224,5,l,4197,1,191,12,0,6.34,6.92,6.02,3.796,6.25,4.51,5.34,4.76,5.96,4.2,12,12,12,,3.6,high,
377,377,0,0,1,1,0,32595,5,l,4282,1,259,12,1,0.18,0.29,0.18,0.29,0.13,3.5,4.25,3.39,3.94,3.69,12,12,12,,3.6,high,
378,378,1,0,0,1,0,33224,5,w,4349,1,484,19,1,3.73,4.68,3.21,2.379,3.86,4.37,4.79,3.96,3.95,3.79,19,19,19,0,3.6,high,
379,379,1,0,0,1,0,33224,5,w,4349,1,484,16,1,6.68,6.16,5.8,3.376,5.93,3.49,3.83,2.72,3.11,3.56,16,16,16,0,3.6,high,
380,380,0,0,1,0,1,33224,5,w,4349,1,484,14,1,4.87,5.22,3.82,2.579,4.43,4.44,4.6,4.28,4.01,4.39,14,14,14,,3.6,high,
381,381,0,0,1,1,0,33224,5,w,4349,1,484,17,1,6.53,7.27,7.07,5.169,7.83,4.82,5.19,4.55,4.55,3.64,17,17,17,,3.6,high,
382,382,0,0,1,1,0,33971,5,w,4350,1,576,13,1,2.95,2.83,3.74,1.775,2.55,3.75,4.17,3.7,3.66,3.89,15,15,15,,3.6,high,
383,383,1,0,0,1,0,33971,5,w,4350,1,576,19,1,3.73,4.68,3.21,2.379,3.86,3.94,4.25,3.55,3.63,3.6,19,19,19,0,3.6,high,
384,384,0,0,1,1,0,33971,5,w,4350,1,576,17,1,3.51,4.61,1.78,0.692,1.89,2.91,3.13,2.93,3.51,3.4,18,18,18,,3.6,high,
385,385,0,0,1,0,1,33971,5,w,4350,1,576,17,1,4.73,5.65,4.1,2.777,4.55,4.07,4.17,4.04,3.77,4.2,17,17,17,,3.6,high,
386,386,0,0,1,1,0,33971,5,w,4350,1,576,16,0,8.67,8.61,7.47,5.423,7.7,5.94,5.87,5.96,5.42,5.83,15,15,15,,3.6,high,
387,387,0,0,1,1,0,34153,5,w,4479,1,586,20,1,3.66,3.87,2.3,,6.16,3.94,4.3,3.27,,2.94,24,24,24,,3.6,high,
388,388,0,0,1,1,0,34153,5,w,4479,1,586,15,1,12.8,11.06,12.66,8.601,12.28,4.48,4.94,4.47,4.4,3.85,15,15,15,,3.6,high,
389,389,0,0,1,1,0,34153,5,w,4479,1,586,18,1,4.08,4.76,3.72,0.01,9.19,4.72,5.61,4.6,4.26,3.95,18,18,18,,3.6,high,
390,390,0,0,1,1,0,34153,5,w,4479,1,586,19,1,7.2,8.34,6.69,4.532,6.34,3.94,4.31,3.81,3.81,3.31,20,20,20,,3.6,high,
391,391,0,0,1,1,0,34153,5,w,4479,1,586,16,1,6.41,6.4,6.82,4.886,6.03,3.36,3.44,3.34,3.84,3.47,16,16,16,,3.6,high,
392,392,1,0,0,1,0,34153,5,w,4479,1,586,17,0,11.03,10.32,11.51,5.031,8.87,4.89,5.2,4.75,4.87,4.5,17,17,17,,3.6,high,
393,393,0,0,1,1,0,34153,5,w,4479,1,586,15,1,8.21,8.97,9.61,,7.16,4.79,5.21,4.47,,4.43,16,16,16,,3.6,high,
394,394,0,0,1,1,0,34153,5,w,4479,1,586,18,1,6.52,5.78,5.62,3.081,5.37,2.39,2.99,2.02,2.35,2.55,18,18,18,,3.6,high,
395,395,1,0,0,0,1,34909,5,g,4560,1,122,12,1,6.06,5.42,5.37,3.629,4.96,3.22,3.3,3.42,4.11,4.15,12,12,12,0,3.6,high,
396,396,0,0,1,1,0,35695,5,w,4641,1,305,12,1,5.48,5.28,5.85,,5.58,4.37,5.05,4.36,,4.44,12,12,12,,3.6,high,
397,397,0,0,1,1,0,35695,5,w,4641,1,305,8,1,4.82,4.6,5.79,3.553,4.3,4.34,4.87,4.29,5.39,5.07,8,8,8,,3.6,high,
398,398,0,0,1,0,1,35695,5,w,4641,1,305,10,1,10.6,9.36,9.5,8.459,10.23,5.55,5.73,5.11,6.44,5.54,9,9,9,,3.6,high,
399,399,0,0,1,1,0,35695,5,w,4641,1,305,12,1,4.69,4.78,2.65,1.095,0,5.81,6.84,5.95,6.05,5.5,11,11,11,,3.6,high,FLAGGED
400,400,1,0,0,1,0,35770,5,w,4644,1,416,15,1,2.31,3.14,2.19,1.048,1.64,3.62,4.12,3.13,3.48,3.22,16,16,16,0,3.6,high,
401,401,1,0,0,0,1,35770,5,w,4644,1,416,14,1,2.67,2.65,2.37,0.714,1.25,4.45,5.15,4.23,4.62,4.75,13,13,13,0,3.6,high,
402,402,0,0,1,1,0,32187,5,r,4199,1,536,15,0,8.53,8.43,7.68,4.882,10.48,6.29,7.1,6.58,7.34,5.47,18,18,18,,2.8,low,
403,403,0,0,1,1,0,32187,5,r,4199,1,536,19,0,5.62,4.19,6.3,4.297,5.83,5.21,5.36,5.05,5.47,5.11,22,22,22,,2.8,low,
404,404,0,0,1,1,0,32594,5,g,4255,1,180,17,0,5.3,5,5.34,0.069,8.38,4.68,5.25,4.58,4.93,5.06,16,16,16,,2.8,low,
405,405,1,0,0,1,0,33005,5,g,4315,1,230,10,1,10.76,13.04,7.61,4.405,5.96,4.21,4.67,3.18,3.32,3.1,12,12,12,0,2.8,low,
406,406,0,0,1,1,0,33005,5,g,4315,1,230,12,1,4.64,5.31,3.76,2.719,4.68,3.38,3.81,3.29,3.68,3.86,12,12,12,,2.8,low,
407,407,1,0,0,0,1,35652,5,g,4607,1,123,13,1,3.15,3.54,4.37,2.981,3.82,3.98,4.24,3.73,4.18,4.35,13,13,13,0,2.8,low,
408,408,0,0,1,1,0,32112,4,w,4207,1,643,18,1,2.95,2.5,1.84,1.056,1.43,4.01,4.58,3.64,3.86,3.82,18,18,18,,3.7,high,
409,409,0,0,1,0,1,32112,4,w,4207,1,643,17,1,3.14,5.84,1.96,2.11,1.63,5.06,5.68,4.68,4.67,4.76,17,17,17,,3.7,high,
410,410,0,0,1,1,0,32109,4,g,4247,1,139,18,1,9.01,8.22,9.42,5.595,9.58,4.25,4.53,4.57,4.57,4.45,18,18,18,,3.7,high,
411,411,0,0,1,0,1,32300,4,g,4247,2,141,14,1,0.88,2.2,0.89,0.975,1.85,2.89,2.88,2.81,3.87,3.36,15,15,15,,3.7,high,
412,412,0,0,1,1,0,32593,5,g,4255,1,177,16,1,5.19,8.13,6.84,4.844,12.21,4.08,5.14,3.8,4.25,4.27,16,16,16,,3.1,low,
413,413,0,0,1,1,0,32593,5,g,4255,1,177,14,1,0.97,0.82,1.49,0.873,0.76,3.75,4.32,3.9,3.58,3.74,16,16,16,,3.1,low,
414,414,1,0,0,1,0,33273,5,w,4349,1,524,13,1,8.01,8.73,8.27,4.792,6.68,4.42,4.35,4.19,4.39,4.11,12,12,12,0,4.3,high,
415,415,0,1,1,0,1,33273,5,w,4349,1,524,17,1,6.5,6.32,5.2,2.133,5.07,4.18,4.12,3.49,3.97,4.11,18,18,18,1,4.3,high,
416,416,1,0,0,1,0,33273,5,w,4349,1,524,18,1,7.78,8.32,7.33,,7.52,3.15,3.59,3.01,,3.15,19,19,19,0,4.3,high,
417,417,0,0,1,1,0,33273,5,w,4349,1,524,19,0,4.09,4.01,3.68,2.422,2.93,4.57,5.07,4.32,4.25,3.98,19,19,19,,4.3,high,
418,418,0,0,1,1,0,33273,5,w,4349,1,524,14,0,8.64,7.81,8.35,5.449,9.18,3.87,4.14,3.59,4.05,4.15,13,13,13,,4.3,high,
419,419,1,0,0,1,0,33904,5,w,4350,1,528,11,1,6.37,6.32,5.49,3.9,4.98,4.18,4.25,3.79,3.33,3.19,11,11,11,0,4.3,high,
420,420,0,1,1,0,1,33904,5,w,4350,1,528,19,1,6.53,6.18,5.88,2.604,5.23,3.55,3.8,3.39,3.65,3.73,20,20,20,1,4.3,high,
421,421,0,0,1,1,0,33904,5,w,4350,1,528,18,1,4.01,3.11,4.18,2.114,3.73,4.08,4.68,3.71,3.35,3.5,19,19,19,,4.3,high,
422,422,0,0,1,1,0,33904,5,w,4350,1,528,11,1,8.64,7.81,8.35,5.449,9.18,3.89,4.34,3.55,4.39,4.52,10,10,10,,4.3,high,
423,423,0,0,1,1,0,33685,5,w,4430,1,262,18,1,3.88,4.11,3.2,2.391,3.89,3.92,4.34,3.67,4.17,4.35,18,18,18,,4.3,high,
424,424,0,0,1,0,1,34815,5,w,4479,1,705,13,0,2.38,7.05,1.38,1.561,3.83,4.45,5.19,4.44,4.51,4.71,13,13,13,,4.3,high,
425,425,0,0,1,0,1,35075,5,w,4480,1,673,14,1,2.38,7.05,1.38,1.561,3.83,3.34,4.03,3.37,3.56,3.9,14,14,14,,4.3,high,
426,426,0,0,1,0,1,34762,5,w,4496,1,228,14,1,1.06,0.99,1.37,0.849,0.9,4.82,5.23,4.72,4.9,5.08,15,15,15,,4.3,high,
427,427,1,0,0,1,0,35522,5,w,4597,1,1432,20,0,4.82,4.09,5.95,3.521,5.68,3.88,4.27,3.58,3.66,3.42,21,21,21,,4.3,high,
428,428,0,0,1,1,0,35785,5,w,4598,1,1502,18,1,3.29,3.59,2.4,0.04,3.82,2.91,3.16,3.03,2.94,2.67,19,19,19,,4.3,high,
429,429,1,0,0,1,0,35785,5,w,4598,1,1502,19,1,5.87,5.21,6.53,3.908,6,3.52,3.87,3.3,3.52,3.23,20,20,20,0,4.3,high,
430,430,0,0,1,0,1,35690,5,w,4641,1,277,18,0,11.14,11.64,10.82,8.099,15.36,4.81,5.2,4.82,5.21,4.89,18,18,18,,4.3,high,
431,431,0,0,1,0,1,35760,5,w,4644,1,458,18,1,11.14,11.64,10.82,8.099,15.36,4.55,4.81,4.27,4.82,4.57,18,18,18,,4.3,high,
432,432,0,0,1,0,1,35760,5,w,4644,1,458,12,0,9.95,11.01,9.81,6.831,13.31,5.61,5.72,5.54,5.99,5.88,12,12,12,,4.3,high,
433,433,0,0,1,0,1,33534,3,g,4379,1,110,9,0,13.2,12.43,12.77,8.514,15.71,5.25,5.03,5.23,5.75,6.42,8,8,8,,2.9,low,
434,434,0,0,1,0,1,34466,3,w,4545,1,101,19,1,8.83,9.32,9.25,5.761,10.21,3.96,4.57,4.22,4.11,4.37,19,19,19,,2.9,low,
435,435,0,0,1,1,0,33885,3,r,4385,1,10,10,1,12.38,13.32,13.93,9.11,13.42,5.16,5.52,5.07,4.3,4.44,11,11,11,,2.7,low,
436,436,0,0,1,1,0,34200,3,g,4498,1,57,8,0,8.29,7.51,10.09,6.112,8.97,6.46,7.51,7.37,7.09,5.7,8,8,8,,2,low,
437,437,0,1,1,0,1,34200,3,g,4498,1,57,11,1,6.93,8.16,6.89,4.525,4.16,5.65,6.27,5.39,5.93,4.94,12,12,12,1,2,low,
438,438,0,0,1,1,0,37710,4,r,4841,1,524,9,1,3.32,4.41,2.52,1.607,1.95,5.17,6.06,5.05,5.75,4.67,10,10,10,,2,low,
439,439,0,0,1,0,1,37710,4,r,4841,1,524,19,1,10.92,11.34,11.21,7.41,11.02,3.81,4.02,3.58,3.56,3.61,21,21,21,,2,low,
440,440,0,0,1,1,0,37710,4,r,4841,1,524,15,1,7.03,9.03,6.57,3.954,7.37,3.14,3.76,3.28,3.07,3.26,16,16,16,,2,low,
441,441,0,0,1,1,0,34470,3,r,4499,1,165,16,0,6.39,6.05,5.04,4.191,6.7,4.32,4.33,3.7,3.88,3.53,17,17,17,,2,low,
442,442,0,0,1,0,1,35217,3,w,4599,1,820,11,0,3.54,4.98,2.53,3.008,2.49,5.54,5.83,5.25,6.2,5.79,10,10,10,,2,low,
443,443,0,0,1,0,1,35793,3,r,4640,1,124,15,0,6.91,8.16,5.47,4.648,3.79,5.04,5.13,4.83,5,4.34,16,16,16,,2,low,
444,444,1,0,0,1,0,37568,4,g,4883,1,87,16,1,8.97,7.64,10.31,6.241,7.96,4.28,4.56,4.09,4.29,4.24,16,16,16,0,2,low,
445,445,1,0,0,0,1,34967,3,g,4546,1,89,9,0,8.9,10.11,11.58,,12.21,5.14,5.62,5.96,,5,11,11,11,,2,low,
446,446,1,0,0,0,1,34967,3,g,4546,1,89,9,0,8.9,10.11,11.58,,12.21,5.14,5.62,5.96,,5,11,11,11,,2.9,low,
447,447,1,0,0,1,0,34967,3,g,4546,1,89,10,1,8.46,7.22,9.03,6.47,9.1,3.6,4.21,3.59,3.28,3.7,10,10,10,0,2,low,
448,448,1,0,0,1,0,34967,3,g,4546,1,89,10,1,8.46,7.22,9.03,6.47,9.1,3.6,4.21,3.59,3.28,3.7,10,10,10,0,2.9,low,
449,449,1,0,0,0,1,34967,3,g,4546,1,89,12,1,8.12,7.98,7.45,4.89,8.63,3.54,3.93,3.48,3.39,3.37,12,12,12,0,2,low,
450,450,1,0,0,0,1,34967,3,g,4546,1,89,12,1,8.12,7.98,7.45,4.89,8.63,3.54,3.93,3.48,3.39,3.37,12,12,12,0,2.9,low,
451,451,1,0,0,0,1,34968,3,g,4546,2,89,10,0,8.6,10.23,9.33,,12.81,5.01,5.72,5.68,,5.46,11,11,11,,2,low,
452,452,1,0,0,0,1,34968,3,g,4546,2,89,10,0,8.6,10.23,9.33,,12.81,5.01,5.72,5.68,,5.46,11,11,11,,2.9,low,
453,453,1,0,0,1,0,34968,3,g,4546,2,89,11,1,8.61,7.15,8.4,6.175,8.71,3.64,4.16,3.32,3.77,4.05,10,10,10,0,2,low,
454,454,1,0,0,1,0,34968,3,g,4546,2,89,11,1,8.61,7.15,8.4,6.175,8.71,3.64,4.16,3.32,3.77,4.05,10,10,10,0,2.9,low,
455,455,1,0,0,0,1,34968,3,g,4546,2,89,13,1,8.19,8.05,7.89,4.822,7.5,3.56,3.95,3.51,3.84,3.8,12,12,12,0,2,low,
456,456,1,0,0,0,1,34968,3,g,4546,2,89,13,1,8.19,8.05,7.89,4.822,7.5,3.56,3.95,3.51,3.84,3.8,12,12,12,0,2.9,low,
457,457,0,0,1,0,1,35802,3,g,4643,1,51,9,0,9.76,9.76,11.76,9.434,11.75,5.01,5.47,4.98,4.8,5.44,9,9,9,,2,low,
458,458,0,0,1,0,1,35802,3,g,4643,1,51,9,0,9.76,9.76,11.76,9.434,11.75,5.01,5.47,4.98,4.8,5.44,9,9,9,,2.9,low,
459,459,0,0,1,0,1,35802,3,g,4643,1,51,11,0,5.28,7.68,3.87,,3.32,6.28,7.16,5.33,,5.32,14,14,14,,2,low,
460,460,0,0,1,0,1,35802,3,g,4643,1,51,11,0,5.28,7.68,3.87,,3.32,6.28,7.16,5.33,,5.32,14,14,14,,2.9,low,
461,461,1,0,0,1,0,43471,3,w,5533,1,222,20,1,4.41,5.96,5.04,3.844,7.86,4.54,4.75,4.33,4.16,4.41,19,19,19,0,2,low,
462,462,1,0,0,1,0,43471,3,w,5533,1,222,20,1,4.41,5.96,5.04,3.844,7.86,4.54,4.75,4.33,4.16,4.41,19,19,19,0,2.9,low,
463,463,0,0,1,1,0,43471,3,w,5533,1,222,13,0,5.21,5.89,6.19,3.711,8.03,5.74,6.11,5.58,5.38,6.02,12,12,12,,2,low,
464,464,0,0,1,1,0,43471,3,w,5533,1,222,13,0,5.21,5.89,6.19,3.711,8.03,5.74,6.11,5.58,5.38,6.02,12,12,12,,2.9,low,
465,465,0,0,1,0,1,36118,4,g,4665,1,55,10,0,12.79,13.84,10.27,5.663,7.57,4.68,5.39,4.67,4.42,4.94,9,9,9,,3.5,high,
466,466,1,0,0,1,0,36426,4,g,4735,1,48,11,1,11.59,12.49,12.75,7.798,11.94,4.52,4.85,4.7,5.4,3.96,10,10,10,0,3.5,high,
467,467,0,0,1,1,0,38618,5,w,5008,1,106,20,0,6.73,7.52,6.12,,6.04,4.12,4.4,3.46,,3.51,23,23,23,,3.5,high,
468,468,0,0,1,0,1,39807,5,r,5111,1,54,9,1,4.8,4.99,5.42,4.355,4.89,3.62,3.96,3.21,4.4,4.09,10,10,10,,3.5,high,
469,469,0,0,1,1,0,41035,5,w,5239,1,117,11,0,6.09,5.82,4.89,3.446,6.57,4.04,4.47,3.88,4.34,4.48,13,13,13,,3.5,high,
470,470,1,0,0,0,1,41035,5,w,5239,1,117,15,1,8.76,8.01,9.4,5.038,7.55,3.62,4.32,3.54,3.72,4.16,18,18,18,0,3.5,high,
471,471,0,0,1,0,1,41547,5,g,5286,1,34,9,0,14.28,18.59,21.36,12.018,0,5.4,5.67,5.61,5.05,4.67,11,11,11,,3.5,high,FLAGGED
472,472,1,0,0,0,1,41547,5,g,5286,1,34,8,1,7.02,6.57,7.16,3.508,5.63,5.42,6.29,4.61,5.46,5.44,8,8,8,0,3.5,high,
473,473,1,0,0,1,0,35948,4,w,4681,1,221,17,1,4.65,8.35,2.88,3.484,3.31,4.52,4.82,4.3,3.75,2.89,18,18,18,0,4,high,
474,474,0,0,1,1,0,37195,4,w,4828,1,401,15,0,2.78,2.52,3.29,0.032,6.93,4.53,4.71,4.03,4.08,4.04,15,15,15,,4,high,
475,475,0,0,1,1,0,41037,5,w,5239,1,143,16,0,4.09,4.83,2.88,2.194,5.25,5.61,6.17,5.33,5.58,4.86,16,16,16,,4,high,
476,476,0,0,1,1,0,41037,5,w,5239,1,143,12,1,2.92,4.21,2.35,1.648,1.97,5.1,5.72,4.69,5.1,4.04,15,15,15,,4,high,
477,477,0,0,1,1,0,41037,5,w,5239,1,143,16,1,4.96,6.33,2.67,1.947,4.77,5.67,5.93,4.96,4.59,4.86,16,16,16,,4,high,
478,478,0,0,1,0,1,41350,5,w,5279,1,124,12,1,6.77,7.31,7.72,5.137,6.88,5.13,5.28,5.16,5.29,5.26,11,11,11,,4,high,
479,479,0,0,1,0,1,41465,5,w,5282,1,180,16,1,5.3,3.67,4.39,2.337,3.65,4.14,4.62,3.94,4.2,4.68,16,16,16,,4,high,
480,480,1,0,0,1,0,36284,3,w,4692,1,115,12,0,8.21,7.37,8,6.27,9.26,4.42,4.71,4,4.61,4.73,12,12,12,,3.5,high,
481,481,1,0,0,1,0,36359,3,w,4692,2,178,18,0,6.67,6.92,7.93,5.838,9.71,3.16,3.65,2.91,3.24,3.51,18,18,18,,3.5,high,
482,482,0,0,1,1,0,36359,3,w,4692,2,178,10,0,4.23,5.18,4.55,2.857,5.03,6.75,7.02,6.52,6.28,6.51,9,9,9,,3.5,high,
483,483,0,0,1,1,0,37102,3,r,4821,1,67,18,1,7.95,7,8.57,,9.87,4.23,4.41,3.96,,2.91,25,25,25,,3.5,high,
484,484,0,0,1,1,0,37102,3,r,4821,1,67,8,0,3.64,3,4.89,,4.83,8.37,8.71,9.66,,8.49,8,8,8,,3.5,high,
485,485,0,0,1,0,1,37299,3,g,4837,1,56,19,1,5.58,7.27,2.77,0.584,1.81,5.43,5.8,4.41,3.57,3.44,20,20,20,,3.5,high,
486,486,0,0,1,0,1,37299,3,g,4837,1,56,12,0,7.65,9.04,3.96,3.659,4.07,4.34,4.2,4.31,4.65,4.63,11,11,11,,3.5,high,
487,487,0,0,1,1,0,39442,4,g,5044,1,99,7,0,3.72,3.88,3.39,2.828,5.58,5.82,6.68,5.26,5.49,5.98,6,6,6,,3.5,high,
488,488,0,0,1,1,0,40980,4,r,5126,1,113,11,0,1.23,0.83,1.13,,2.21,5.22,6.11,4.95,,4.57,12,12,12,,3.5,high,
489,489,0,0,1,0,1,41226,4,g,5254,1,76,13,0,9.04,10.19,10.63,7.266,10.91,5.16,5.68,5.4,5.58,5.22,13,13,13,,3.5,high,
490,490,0,0,1,0,1,36657,3,w,4692,2,162,12,0,0,0,0,,0,3.82,4,3.72,4.32,4.52,12,12,12,,3.2,low,FLAGGED
491,491,0,0,1,0,1,37105,3,r,4821,1,73,11,1,5.69,9.09,6.77,4.515,4.31,3.9,4.43,3.54,3.94,4.34,10,10,10,,3.2,low,
492,492,0,0,1,0,1,37346,3,g,4837,1,77,11,1,9.61,9.09,9.33,6.436,9.29,4.98,5.09,4.74,5.07,4.96,10,10,10,,3.2,low,
493,493,0,0,1,0,1,37346,3,g,4837,1,77,14,0,10.65,9.2,7.36,3.275,6.83,4.4,4.64,4.05,3.93,4.18,13,13,13,,3.2,low,
494,494,0,0,1,0,1,36783,5,l,4764,1,187,16,0,17.35,17.44,12.66,1.492,16.77,5.91,6.15,5.32,4.77,4.89,16,16,16,,3.8,high,
495,495,0,0,1,0,1,37248,4,w,4828,1,383,8,1,13.52,14.76,11.9,5.095,5.04,4.45,4.97,5.03,4.94,5.18,8,8,8,,3.8,high,
496,496,0,0,1,1,0,36778,4,w,4788,1,158,17,0,2.46,3.23,3.43,3.537,2.26,5.75,6,5.95,5.81,5.45,16,16,16,,4,high,
497,497,0,0,1,1,0,36778,4,w,4788,1,158,18,0,5.74,5.46,5.13,2.232,3.48,6.33,6.86,6.18,6,5.42,17,17,17,,4,high,
498,498,0,0,1,1,0,37344,3,g,4863,1,99,9,0,12.3,10.71,12.22,6.297,9.07,5.9,5.55,6.51,6.52,6.45,8,8,8,,4,high,
499,499,0,0,1,0,1,37213,4,w,4828,1,360,10,1,6.4,9.53,7.95,4.585,5.88,4.66,5.46,4.56,4.51,4.73,12,12,12,,3.3,high,
500,500,0,0,1,0,1,37213,4,w,4828,1,360,17,0,5.13,6.57,2.84,4.457,6.72,4.73,5.09,4.33,4.66,4.38,19,19,19,,3.3,high,
501,501,0,0,1,1,0,37213,4,w,4828,1,360,13,1,5.33,5.31,4.83,2.923,5.95,4.78,4.92,4.5,4.87,4.27,13,13,13,,3.3,high,
502,502,0,0,1,0,1,37494,4,w,4869,1,587,15,0,12.52,11.64,13.15,6.974,11.69,4.88,5.5,4.5,5.07,4.22,14,14,14,,3.3,high,
503,503,0,0,1,1,0,37494,4,w,4869,1,587,5,1,7.17,5.98,8.41,4.406,7.28,5.64,6.38,5.23,6.94,4.88,4,4,4,,3.3,high,
504,504,0,0,1,0,1,37494,4,w,4869,1,587,14,0,5.17,7.73,4.94,4.128,2.3,6.24,6.63,5.56,5.62,4.27,15,15,15,,3.3,high,
505,505,0,0,1,0,1,37558,4,r,4867,1,171,18,1,4.05,3.58,3.01,1.919,6.27,4.48,4.87,4.39,4.63,4.26,18,18,18,,4,high,
506,506,0,0,1,0,1,37755,3,w,4903,1,71,14,1,2.46,3.68,1.62,1.199,1.69,3.57,4.22,2.87,3.35,3.46,13,13,13,,2.3,low,
507,507,0,0,1,0,1,38631,3,w,5007,1,76,8,1,9.38,10.67,10.17,6.316,9.84,5.99,6.72,5.74,5.62,5.08,7,7,7,,2.3,low,
508,508,1,0,0,0,1,41163,3,g,5240,1,83,12,1,13.97,14.61,11.72,8.553,6.51,3.29,4,3.5,3.89,3.57,11,11,11,0,2.3,low,
509,509,1,0,0,0,1,41163,3,g,5240,1,83,15,1,9.96,11.47,10.27,6.73,9.77,3.2,3.86,3.19,3.52,3.17,14,14,14,0,2.3,low,
510,510,1,0,0,1,0,37881,5,w,4912,1,27,13,0,9.54,11.47,9.9,6.764,10.68,5.23,5.95,4.61,4.07,4.45,15,15,15,,3.8,high,
511,511,1,0,0,1,0,38519,5,r,4998,1,286,19,0,9.86,10.34,9.93,6.71,7.94,4.58,4.88,4.22,4.6,4.15,23,23,23,,3.8,high,
512,512,0,0,1,0,1,38669,5,g,5009,1,168,17,0,6.48,6.67,6.32,4.575,6.98,4.35,4.48,3.97,3.57,3.9,17,17,17,,3.8,high,
513,513,0,0,1,0,1,39564,5,w,5097,1,340,17,1,12.37,18.54,12.06,,14.65,3.15,4.14,3.02,,2.34,18,18,18,,3.8,high,
514,514,0,0,1,1,0,40510,5,g,5183,1,137,17,0,3.44,2.2,1.33,,0.7,4.22,4.69,4.05,,4.37,16,16,16,,3.8,high,
515,515,0,0,1,1,0,40511,5,g,5183,2,138,18,1,3.63,2.24,1.34,,1.05,3.6,4.02,3.45,,3.86,17,17,17,,3.8,high,
516,516,0,0,1,0,1,38154,4,g,4956,2,81,17,0,4.38,6.15,3.32,2.43,3.16,4.29,4.52,4,3.79,3.86,17,17,17,,3.5,high,
517,517,1,0,0,0,1,38280,3,g,4967,1,127,13,0,7.3,10.03,7.74,5.442,4.42,5.77,6.01,5.27,5.47,5.09,12,12,12,,1.7,low,
518,518,0,0,1,1,0,38281,3,g,4967,1,103,9,1,8.07,7.96,9.02,5.689,9.2,4.65,5.06,5.06,4.87,5.59,8,8,8,,1.7,low,
519,519,1,0,0,0,1,38841,3,g,5026,1,67,17,1,5.17,6.1,5.99,,3.58,5.22,5.76,4.82,,3.92,17,17,17,0,1.7,low,
520,520,0,0,1,0,1,41623,3,g,5293,1,137,9,1,7.65,9.04,3.96,3.659,4.07,5.42,6.19,5.39,6.07,6.03,8,8,8,,1.7,low,
521,521,0,0,1,0,1,41623,3,g,5293,1,137,11,0,7.65,9.04,3.96,3.659,4.07,5.07,5.48,4.5,5,5.19,10,10,10,,1.7,low,
522,522,0,0,1,0,1,41623,3,g,5293,1,137,14,1,7.65,9.04,3.96,,4.07,5.17,5.55,4.58,,3.63,15,15,15,,1.7,low,
523,523,1,0,0,0,1,38420,5,g,4970,1,139,16,0,11.36,9.43,11,8.32,5.21,4.97,5.31,5.12,4.99,5.07,15,15,15,,4,high,
524,524,0,0,1,0,1,38330,4,g,4973,1,90,10,0,1.87,7.68,1.3,1.584,2.82,4.17,5.18,4.07,4.24,4.46,10,10,10,,3.2,low,
525,525,0,0,1,0,1,38998,4,w,5032,1,519,16,1,0,0.01,0.01,0.007,0.01,3.33,3.84,2.83,3.1,3.02,16,16,16,,3.2,low,
526,526,0,0,1,1,0,38998,4,w,5032,1,519,11,0,5.1,3.56,5.48,4.325,5.61,5.75,5.87,5.45,5.81,5.04,10,10,10,,3.2,low,
527,527,0,0,1,1,0,40692,4,w,5215,1,438,20,0,5.35,4.9,4.48,2.598,5.25,4.86,5,4.27,4.12,4.08,21,21,21,,3.2,low,
528,528,1,0,0,1,0,40692,4,w,5215,1,438,18,1,11.78,11.97,9.94,,6.31,3.25,3.94,2.95,,3.18,21,21,21,0,3.2,low,
529,529,1,0,0,0,1,41478,4,w,5281,1,238,18,0,15.22,15.73,6.55,,8.17,5.07,5.7,4.16,,4.59,19,19,19,,3.2,low,
530,530,0,0,1,0,1,38417,3,g,4976,1,93,19,1,4.98,8.19,5.16,3.008,5.67,3.03,3.39,2.9,3.18,3.25,19,19,19,,1.2,low,
531,531,1,0,0,1,0,41082,3,g,5240,1,117,13,1,7.78,8.09,7.6,5.139,5.96,3.83,4.18,3.92,4.5,4.26,12,12,12,0,1.2,low,
532,532,0,0,1,1,0,41082,3,g,5240,1,117,12,0,7.38,7.02,6.22,4.131,5.62,5.41,6.5,5.91,5.87,5.08,11,11,11,,1.2,low,
533,533,1,0,0,0,1,41082,3,g,5240,1,117,10,0,8.01,8.1,7.34,3.712,6.1,4.7,5.06,4.35,4.19,4.12,11,11,11,,1.2,low,
534,534,1,0,0,1,0,41082,3,g,5240,1,117,20,1,5.78,6.33,5.91,3.881,5.86,4.13,4.61,3.63,3.71,3.62,20,20,20,0,1.2,low,
535,535,0,0,1,1,0,38569,5,r,4998,1,74,15,1,2.94,2.11,3.85,3.076,3.72,4.61,4.93,4.63,4.54,4.1,14,14,14,,4,high,
536,536,0,0,1,1,0,38667,3,w,5007,2,120,17,0,11.05,8.87,10.71,,14.26,5.23,5.57,4.42,,4.2,22,22,22,,2.7,low,
537,537,0,0,1,1,0,41071,3,g,5240,1,73,9,0,6.37,6.49,6.56,4.824,6.44,5.26,6.06,4.8,5.51,5.46,8,8,8,,2.7,low,
538,538,1,0,0,0,1,41071,3,g,5240,1,73,9,0,19.12,18.87,20.52,10.915,15.31,5.62,5.93,5.74,5.8,5.98,9,9,9,,2.7,low,
539,539,1,0,0,1,0,41071,3,g,5240,1,73,17,0,12.69,12.81,9.94,7.063,9.55,4.82,5.26,4.67,5.59,5.11,18,18,18,,2.7,low,
540,540,1,0,0,1,0,38741,4,g,5012,1,145,11,1,4.88,4.2,5.58,4.424,5.24,2.95,3.27,2.88,3,2.67,11,11,11,0,4.7,high,
541,541,0,0,1,1,0,39317,4,g,5065,1,108,13,1,5.57,4.77,5.4,3.948,5.41,4.56,4.83,3.94,4.15,4.39,12,12,12,,4.7,high,
542,542,0,0,1,1,0,39544,5,w,5097,1,101,12,1,0.18,5.03,0.3,0.179,0,4.94,5.53,4.6,4.9,4.45,11,11,11,,4.7,high,FLAGGED
543,543,1,0,0,0,1,39544,5,w,5097,1,101,20,1,8.94,10.73,8.02,4.506,5.71,3.28,3.78,3.3,3.46,3.32,20,20,20,0,4.7,high,
544,544,1,0,0,1,0,39304,4,r,5064,1,89,16,1,7.29,7.64,7.96,5.815,9.92,5.72,6.19,5.51,5.78,5.11,16,16,16,0,2.5,low,
545,545,0,0,1,0,1,39576,4,w,5087,1,598,14,1,10.87,11.75,11.47,7.122,11.03,4.97,5.44,5.39,5.44,4.6,13,13,13,,2.5,low,
546,546,0,0,1,1,0,39537,4,w,5087,1,921,11,0,6.2,6.09,7.24,4.571,7.42,6.67,7.16,6.72,5.66,5.83,10,10,10,,3.3,high,
547,547,0,0,1,0,1,39624,4,w,5087,1,373,15,1,8.38,6.95,8.13,3.907,5.25,3.5,4.11,3.08,3.43,3.19,16,16,16,,3.7,high,
548,548,1,0,0,1,0,39581,4,r,5088,1,63,8,1,7.91,5.82,7.31,4.85,5.48,6.05,7.13,5.69,5.69,4.81,7,7,7,0,3,low,
549,549,1,0,0,1,0,41382,4,r,5278,1,98,15,0,9.05,9.7,9.94,7.639,12.83,5.08,5.25,5.24,4.41,4.44,18,18,18,,3,low,
550,550,0,0,1,1,0,39711,4,w,5116,1,313,17,1,3.56,4.51,3.26,1.729,3.28,3.18,3.86,3.04,3.33,3.76,16,16,16,,3.3,high,
551,551,0,0,1,1,0,40516,4,g,5213,1,138,14,1,3.15,6.93,5.09,3.509,9.94,4.42,4.91,4.12,4.44,4.44,15,15,15,,3.3,high,
552,552,0,0,1,1,0,41200,4,g,5235,1,184,14,1,0.2,0.17,0.22,0.129,0.15,3.27,3.55,3.16,3.28,3.31,15,15,15,,3.3,high,
553,553,0,0,1,0,1,41200,4,g,5235,1,184,8,1,9.16,8.36,9.74,7.06,8.89,4.6,4.8,4.37,5.38,5.67,7,7,7,,3.3,high,
554,554,0,0,1,1,0,41218,4,w,5259,1,667,19,0,2.52,2,2.69,1.55,2.38,3.83,4.17,3.73,3.18,3.52,20,20,20,,3.3,high,
555,555,0,0,1,0,1,41569,4,w,5287,1,619,18,1,2.3,3.03,2.52,,2.68,4.91,5.77,4.04,,3.68,25,25,25,,3.3,high,
556,556,0,0,1,1,0,41569,4,w,5287,1,619,14,0,4.16,4.09,3.86,,4.16,5.96,5.51,5.56,,4.34,16,16,16,,3.3,high,
557,557,0,0,1,1,0,41569,4,w,5287,1,619,13,1,8.03,8.86,7.14,,1.81,4.39,4.86,4.08,,4.34,15,15,15,,3.3,high,
558,558,0,0,1,1,0,41569,4,w,5287,1,619,9,1,1.39,1.6,1.38,0.994,1.34,6.03,6.56,6.04,6.43,6.24,8,8,8,,3.3,high,
559,559,0,0,1,1,0,40660,4,w,5215,1,411,16,1,6.67,4.41,4.7,3.729,5.21,4.47,4.7,3.89,4.35,3.55,15,15,15,,3,low,
560,560,1,0,0,0,1,40660,4,w,5215,1,411,10,1,13.03,15.57,13.94,9.22,6.33,5.62,6.27,5.29,5.35,4.45,11,11,11,0,3,low,
561,561,0,0,1,0,1,41674,3,g,5293,1,134,11,1,8.41,9.18,6.13,4.679,6.22,3.44,4.06,3.39,3.87,3.84,11,11,11,,2.7,low,
562,562,0,0,1,0,1,41674,3,g,5293,1,134,9,1,7.65,9.04,3.96,3.659,4.07,5.17,5.78,4.55,5.22,5.23,8,8,8,,2.7,low,
563,563,0,0,1,0,1,41674,3,g,5293,1,134,13,1,7.65,9.04,3.96,3.659,4.07,4.51,5.01,4.13,4.37,4.3,12,12,12,,2.7,low,
564,564,0,0,1,0,1,41674,3,g,5293,1,134,13,0,7.65,9.04,3.96,3.659,4.07,7.18,7.36,6.78,7.15,6.49,12,12,12,,2.7,low,
565,565,0,0,1,0,1,41674,3,g,5293,1,134,11,0,7.65,9.04,3.96,3.659,4.07,4.96,5.25,4.61,5.07,4.68,10,10,10,,2.7,low,
566,566,0,0,1,0,1,41848,5,l,5321,1,184,11,1,7.3,7.99,8.45,3.279,4.7,4.7,5.35,4.47,4.21,4.25,11,11,11,,3.9,high,
567,567,0,0,1,0,1,41848,5,l,5321,1,184,11,1,7.58,7.27,8.27,3.859,7.67,4.93,5.15,4.01,4.93,4.89,11,11,11,,3.9,high,
568,568,0,0,1,0,1,42800,5,w,5457,1,133,15,0,6.81,6.86,6.09,5.556,6.3,5.44,5.85,4.6,5.37,4.74,17,17,17,,3.9,high,
569,569,0,0,1,0,1,46109,5,g,5864,1,336,15,1,11.3,13.76,7.97,3.107,5.99,6.18,6.32,5.53,5.32,4.78,16,16,16,,3.9,high,
570,570,0,0,1,1,0,42094,4,w,5367,1,57,13,1,1.57,2.3,1.2,0.686,0.87,4.07,4.72,3.01,2.98,2.92,14,14,14,,3.25,low,
571,571,1,0,0,0,1,42176,4,w,5391,1,25,16,1,9.35,10.96,9.37,8.675,11.58,3.17,3.79,2.76,2.6,2.59,17,17,17,0,3.5,high,
572,572,0,0,1,1,0,42243,4,r,5400,1,225,18,1,2.45,2.27,1.47,0.013,2.18,2.9,3.1,2.26,2.94,2.85,18,18,18,,2.5,low,
573,573,0,0,1,0,1,42243,4,r,5400,1,225,5,1,2.78,2.66,2.14,1.619,2.77,4.89,6.2,4.03,5.09,5.56,4,4,4,,2.5,low,
574,574,0,0,1,0,1,43094,4,r,5494,1,100,15,0,13.5,14.79,10.59,,8.54,5.56,5.7,5.33,,5.22,18,18,18,,2.9,low,
575,575,0,0,1,0,1,43094,4,r,5494,1,100,20,1,13.81,12.32,12.76,,9.29,5.48,5.51,4.91,,5.05,24,24,24,,2.9,low,
576,576,0,0,1,1,0,45983,5,l,5860,1,187,18,0,7.99,8.35,9.66,5.053,7.79,3.68,4.01,3.56,3.75,4.08,17,17,17,,2.9,low,
577,577,0,0,1,1,0,45983,5,l,5860,1,187,18,1,4.5,4.74,3.59,2.577,4.45,4.8,5.01,4.41,4.53,4.5,20,20,20,,2.9,low,
578,578,0,0,1,1,0,45985,5,l,5862,1,34,8,0,7.13,6.74,6.23,4.489,5.96,6.18,6.17,5.81,6.52,5.71,7,7,7,,2.9,low,
579,579,0,0,1,1,0,43257,4,w,5530,1,127,10,0,5.37,4.72,6.66,4.614,7.94,5.68,5.91,5.52,6.27,5.74,10,10,10,,3.1,low,
580,580,0,0,1,1,0,43257,4,w,5530,1,127,12,0,6.98,4.91,5.32,4.243,6.09,3.9,4.16,3.72,4.55,4.82,12,12,12,,3.1,low,
581,581,0,0,1,1,0,43389,4,w,5530,2,335,14,1,4.9,3.91,3.99,1.877,3.8,5.1,5.18,4.72,5.03,4.38,15,15,15,,3.1,low,
582,582,0,0,1,1,0,43389,4,w,5530,2,335,12,0,7.02,4.99,5.43,3.967,5.97,4.33,4.53,4.13,3.49,4.16,13,13,13,,3.1,low,
583,583,0,0,1,1,0,43389,4,w,5530,2,335,17,0,4.26,4.67,3.63,1.763,2.86,4.99,5.32,4.62,4.82,4.92,17,17,17,,3.1,low,
584,584,0,0,1,1,0,43389,4,w,5530,2,335,9,0,15.89,15.65,17.37,11.875,14.64,6.97,7.56,7.14,6.84,6.61,9,9,9,,3.1,low,
585,585,1,0,0,1,0,43389,4,w,5530,2,335,12,0,10.18,8.32,8.75,6.124,9.15,5.31,5.32,5.15,5.66,5.7,11,11,11,,3.1,low,
586,586,0,0,1,1,0,43391,4,w,5530,3,334,14,1,4.26,3.68,3.98,2.075,4.3,4.77,5,4.59,5.2,4.51,15,15,15,,3.1,low,
587,587,0,0,1,1,0,43391,4,w,5530,3,334,11,0,5.96,3.92,5.7,4.07,5.8,4.77,5.22,4.7,4,4.54,12,12,12,,3.1,low,
588,588,1,0,0,1,0,43391,4,w,5530,3,334,12,0,10.18,8.32,8.75,6.124,9.15,4.97,5.15,4.87,5.47,5.57,11,11,11,,3.1,low,
589,589,0,0,1,1,0,43467,3,w,5533,1,130,10,1,7.41,7.32,7.03,5.128,8.79,4.33,5.13,4.33,4.65,4.69,9,9,9,,2.9,low,
590,590,0,0,1,1,0,43467,3,w,5533,1,130,8,1,10.45,9.65,10.53,6.13,11.54,6,6.34,6.1,6.32,6.13,8,8,8,,2.9,low,
591,591,0,0,1,0,1,43467,3,w,5533,1,130,12,0,12.53,12.7,12.16,6.187,9.03,4.97,5.22,4.72,5.04,4.2,13,13,13,,2.9,low,
592,592,0,0,1,1,0,43467,3,w,5533,1,130,14,0,3.78,2.26,3.31,1.894,2.99,4.81,5.32,4.41,4.23,4.26,14,14,14,,2.9,low,
593,593,0,0,1,0,1,43564,3,w,5533,2,119,13,1,6.3,5.65,5.95,4.873,6,4.01,4.22,4.29,4.48,4.13,13,13,13,,2.9,low,
594,594,0,0,1,1,0,43564,3,w,5533,2,119,9,1,10.04,8.6,10.69,6.895,10.92,5.22,5.27,5.29,5.54,5.25,9,9,9,,2.9,low,
595,595,0,0,1,1,0,43564,3,w,5533,2,119,9,1,8.45,8.33,8.03,4.218,5.78,4.18,4.48,4,4.69,4.13,9,9,9,,2.9,low,
596,596,0,0,1,1,0,43564,3,w,5533,2,119,12,1,4.18,3.15,2.45,1.487,2.38,4.16,5.14,4.21,4.15,4.15,12,12,12,,2.9,low,
597,597,1,0,0,0,1,44936,3,g,5708,1,70,13,1,5.93,6.61,4.24,,2.49,3.5,4.09,3.11,,3.39,16,16,16,0,2.9,low,
598,598,1,0,0,1,0,44936,3,g,5708,1,70,9,1,6.84,7.15,6.81,4.727,6.84,5.26,5.87,5.28,5.78,4.91,8,8,8,0,2.9,low,
599,599,1,0,0,0,1,44936,3,g,5708,1,70,8,1,6.6,7.38,6.22,4.931,6.87,4.97,5.8,4.88,5.36,4.92,8,8,8,0,2.9,low,
600,600,1,0,0,0,1,45908,4,w,5849,1,95,16,0,8.39,8.59,7.42,5.299,7.01,4.39,4.74,3.94,3.49,3.58,18,18,18,,2.9,low,
601,601,1,0,0,1,0,45908,4,w,5849,1,95,18,0,6.78,7.92,9.66,5.097,6.35,4.49,5.18,4.15,4.32,3.91,18,18,18,,2.9,low,
602,602,0,0,1,0,1,45908,4,w,5849,1,95,9,1,8,8.81,7.16,5.722,10.45,3.9,4.83,3.84,4.35,4.43,9,9,9,,2.9,low,
603,603,0,0,1,0,1,45977,5,l,5860,1,219,14,0,11.49,12.87,11.57,7.778,13.51,5.56,6.07,5.04,5.54,5.49,13,13,13,,2.9,low,
604,604,1,0,0,1,0,47188,5,w,5995,1,98,19,0,7.7,7.61,7.26,5.061,7.51,4.86,5.46,4.87,5.38,4.88,19,19,19,,2.9,low,
605,605,1,0,0,1,0,47189,5,w,5996,1,53,20,0,11.97,11.46,12.5,9.317,14.97,5.13,5.49,4.8,4.68,3.61,21,21,21,,2.9,low,
606,606,0,0,1,0,1,47946,5,g,6043,1,101,14,0,4.86,5.02,4.02,2.285,3.14,5.33,5.89,4.78,4.93,4.96,13,13,13,,2.9,low,
607,607,0,0,1,0,1,48403,5,g,6136,1,164,16,0,2.2,6.63,1.36,1.484,2.48,5.37,5.84,5.24,5.15,4.17,17,17,17,,2.9,low,
608,608,0,0,1,1,0,43478,3,w,5533,1,118,14,1,8.38,8.95,8.55,3.374,4.48,4.99,5.49,4.46,4.67,4.39,14,14,14,,3.6,high,
609,609,0,0,1,1,0,44938,3,g,5708,1,79,15,0,7,6.66,7.85,5.423,7.77,4.28,5.08,4.05,4.12,4.02,14,14,14,,3.6,high,
610,610,0,0,1,1,0,44938,3,g,5708,1,79,11,1,7.46,7.61,7.36,,6.03,5.53,6.71,5.17,,4.66,11,11,11,,3.6,high,
611,611,0,0,1,1,0,44938,3,g,5708,1,79,14,0,7.95,6.5,7.45,4.482,6.31,5.91,6.79,5.45,5.96,4.99,14,14,14,,3.6,high,
612,612,0,0,1,0,1,44938,3,g,5708,1,79,20,1,3.91,4.42,3.17,2.124,1.92,3.53,4.12,3.05,3.15,3.09,22,22,22,,3.6,high,
613,613,0,0,1,1,0,43583,4,w,5537,1,653,20,1,0,0,0,,0,4.05,4.34,3.87,4.27,3.36,21,21,21,,3.5,high,FLAGGED
614,614,0,0,1,0,1,43583,4,w,5537,1,653,14,1,16.05,15.86,12.38,6.052,14.63,5.24,5.76,4.95,5.18,4.55,13,13,13,,3.5,high,
615,615,0,0,1,1,0,44285,4,w,5630,1,657,20,1,0,0,0,,0,4.02,4.35,3.89,4.36,3.45,21,21,21,,3.5,high,FLAGGED
616,616,0,0,1,0,1,44285,4,w,5630,1,657,14,1,4.66,4.43,1.51,1.053,2.08,4.98,5.27,4.44,5.02,4.32,13,13,13,,3.5,high,
617,617,0,0,1,1,0,44352,4,w,5643,2,683,18,1,4.24,4.24,3.53,3.002,3.43,4.23,4.91,3.8,4.01,3.82,19,19,19,,3.5,high,
618,618,0,0,1,1,0,45111,4,r,5702,1,7,7,0,7.6,8.83,8.06,5.15,8.7,4.66,5.77,5.06,4.37,3.94,7,7,7,,3.5,high,
619,619,0,0,1,0,1,45112,4,r,5703,1,12,12,0,6.25,5.85,6.14,3.372,6.16,5.56,5.82,5.41,4.97,4.58,13,13,13,,3.5,high,
620,620,0,0,1,0,1,45173,4,w,5741,1,414,20,0,3.7,3.55,6.04,7.324,9.16,4.44,4.69,4.21,4.88,4.61,21,21,21,,3.5,high,
621,621,0,0,1,1,0,45173,4,w,5741,1,414,9,1,9.75,9.77,9.78,6.506,10.81,4.76,5.66,4.63,5.25,5.79,9,9,9,,3.5,high,
622,622,0,0,1,1,0,45173,4,w,5741,1,414,16,1,5.13,6.15,4.88,4.849,4.79,4.3,4.88,4.05,4.32,4.36,15,15,15,,3.5,high,
623,623,0,0,1,1,0,45173,4,w,5741,1,414,16,1,7.86,7.13,5.6,4.118,6.64,5.3,5.45,4.68,5.02,4.14,18,18,18,,3.5,high,
624,624,0,0,1,0,1,45173,4,w,5741,1,414,15,1,8.26,7.79,7.25,2.143,2.07,4.35,4.5,4.17,4.07,3.46,18,18,18,,3.5,high,
625,625,1,0,0,0,1,45173,4,w,5741,1,414,15,1,15.66,14.98,14.65,9.739,6.87,5.61,5.92,4.92,4.97,4.32,16,16,16,0,3.5,high,
626,626,0,0,1,0,1,43630,4,w,5537,1,298,14,0,7.79,8.75,6.97,,10.37,4.79,4.96,3.97,,4.13,17,17,17,,3.6,high,
627,627,1,0,0,0,1,43630,4,w,5537,1,298,20,1,2.97,2.76,2.78,0.564,1.63,3.99,4.05,3.8,4.01,4.17,20,20,20,0,3.6,high,
628,628,0,0,1,0,1,43630,4,w,5537,1,298,16,0,13.53,13.57,11.07,8.431,11.25,5.89,6.31,5.32,4.66,4.8,17,17,17,,3.6,high,
629,629,0,0,1,1,0,44291,4,w,5630,1,321,17,1,1.84,1.77,2.03,1.158,1.48,4.55,4.78,4.19,3.68,3.54,20,20,20,,3.6,high,
630,630,0,0,1,0,1,44291,4,w,5630,1,321,11,1,8.21,8.68,6.75,,11.46,4.77,5.2,3.92,,3.84,13,13,13,,3.6,high,
631,631,1,0,0,0,1,44291,4,w,5630,1,321,19,1,2.55,2.52,2.78,0.559,1.55,3.68,3.74,3.53,3.75,3.76,19,19,19,0,3.6,high,
632,632,0,0,1,0,1,44291,4,w,5630,1,321,9,1,13.93,14.1,12.56,8.538,12.07,4.96,5.66,4.68,4.23,4.83,10,10,10,,3.6,high,
633,633,0,0,1,1,0,44321,4,w,5643,1,162,14,1,8.29,8.11,7.56,5.29,7.98,4.73,5.4,4.71,4.91,4.08,13,13,13,,3.6,high,
634,634,0,0,1,1,0,44353,4,w,5643,2,503,16,1,7.82,7.31,7.36,4.886,7.38,4.51,5.03,4.16,4.25,3.77,16,16,16,,3.6,high,
635,635,1,0,0,1,0,45177,4,w,5741,1,344,12,1,6.61,6.4,7.85,4.797,8.6,4.93,5.01,4.52,3.82,4.09,13,13,13,0,3.6,high,
636,636,0,0,1,1,0,45177,4,w,5741,1,344,16,0,7.08,6.28,6.02,4.758,6.43,5.59,5.9,5.02,5.09,4.9,15,15,15,,3.6,high,
637,637,0,0,1,0,1,45177,4,w,5741,1,344,17,0,6.92,9.84,6.03,4.979,9.83,3.8,4.37,3.55,3.85,3.75,17,17,17,,3.6,high,
638,638,0,0,1,1,0,45177,4,w,5741,1,344,20,0,6.85,7.43,6.53,5.246,7.9,4.42,4.69,4.26,4.13,3.49,20,20,20,,3.6,high,
639,639,0,0,1,0,1,43683,4,g,5561,1,77,16,1,0.02,0.15,0.03,0.006,0.02,3.76,4.34,3.25,3.76,3.74,17,17,17,,3.5,high,
640,640,0,0,1,0,1,44392,4,w,5643,2,424,19,0,10.82,13.06,9.88,4.894,13.37,4.34,4.48,4.08,4.25,4.57,19,19,19,,3.5,high,
641,641,1,0,0,0,1,45172,4,w,5741,1,347,17,1,3.13,3.11,3.66,,1.47,3.94,4.59,3.49,,3.18,21,21,21,0,3.5,high,
642,642,1,0,0,0,1,45172,4,w,5741,1,347,16,0,7.77,10.06,5.63,2.144,3.41,5.1,5.44,4.27,4.18,4.4,17,17,17,,3.5,high,
643,643,0,0,1,0,1,45172,4,w,5741,1,347,15,0,9.88,12.04,11.04,3.137,6.33,5.39,5.86,5.26,5.1,4.99,14,14,14,,3.5,high,
644,644,0,0,1,1,0,45172,4,w,5741,1,347,17,1,4.79,3.71,3.98,0.01,6.38,5.5,5.5,4.62,4.97,4.61,18,18,18,,3.5,high,
645,645,1,0,0,1,0,45172,4,w,5741,1,347,15,0,6.01,5.68,6.13,4.824,6.12,5.05,5.17,4.93,4.99,4.46,16,16,16,,3.5,high,
646,646,0,0,1,0,1,45615,5,l,5803,1,13,13,1,8.59,6.91,7.72,,8.85,5.73,6.4,5.1,,4.57,14,14,14,,3.5,high,
647,647,0,0,1,1,0,45851,5,g,5831,1,337,17,0,6.91,6.22,6.58,3.546,5.8,5.3,5.89,4.95,5.24,4.73,17,17,17,,3.5,high,
648,648,0,0,1,1,0,45852,5,g,5831,2,338,11,1,7.31,6.3,7.49,3.944,6.49,5.07,5.47,4.51,5.12,4.95,11,11,11,,3.5,high,
649,649,1,0,0,1,0,46191,5,l,5884,1,16,16,0,7.06,6.76,6.07,,9.53,5.02,5.4,4.81,,4.07,20,20,20,,3.5,high,
650,650,0,0,1,1,0,45244,4,r,5760,1,192,11,1,6.26,5.99,8.55,4.87,8.49,6.7,6.79,6.53,7.17,5.98,10,10,10,,2.7,low,
651,651,0,0,1,0,1,45306,3,w,5763,2,130,11,1,14.29,14.58,12.2,11.323,11.82,5,5.76,4.7,5.39,5.01,10,10,10,,3.3,high,
652,652,0,0,1,1,0,48286,4,g,6110,1,148,16,1,6.46,5.75,8.46,4.738,8.55,3.48,3.51,3.34,3.68,3.73,18,18,18,,3.3,high,
653,653,1,0,0,0,1,45524,3,r,5796,1,180,16,0,14.25,13.1,15.33,8.842,14.91,4.71,5.17,4.66,4.88,4.11,16,16,16,,2.2,low,
654,654,0,0,1,0,1,48289,4,g,6110,1,249,10,1,6.83,9.45,6.92,3.243,4.83,5.88,6.89,5.5,5.34,5.14,10,10,10,,2.2,low,
655,655,0,0,1,0,1,48289,4,g,6110,1,249,20,0,7.65,9.04,3.96,3.66,4.07,4.07,4.21,3.76,3.55,3.81,19,19,19,,2.2,low,
656,656,0,0,1,1,0,45560,3,r,5796,1,118,16,0,7.63,8.42,7.94,,8.08,6.09,6.05,5.32,,4.96,20,20,20,,2.6,low,
657,657,0,0,1,1,0,46972,4,g,5960,1,141,12,0,8.85,12.44,7.42,4.669,8.66,5.2,6.17,4.49,4.88,5.08,11,11,11,,3.3,high,
658,658,0,0,1,1,0,48321,4,w,6118,1,130,18,1,8.15,8.01,8.37,4.716,6.92,4.59,4.94,4.53,4.33,4.46,17,17,17,,3.3,high,
659,659,0,0,1,1,0,48321,4,w,6118,1,130,18,0,6.35,7.35,6.14,6.084,8.62,4.06,4.44,3.72,3.82,3.71,18,18,18,,3.3,high,
660,660,0,0,1,1,0,47202,4,g,5968,1,81,7,1,3.31,2.76,3.82,0.573,6.98,4.62,5.21,4.58,4.72,5.12,6,6,6,,3.4,high,
661,661,0,0,1,1,0,47389,4,w,6016,1,256,16,1,9.29,9.79,8.74,5.178,6.74,3.8,4.22,3.59,3.99,3.8,17,17,17,,3.4,high,
662,662,0,0,1,1,0,48405,4,w,6137,1,555,17,1,9.41,9.03,8.51,5.17,8.52,3.16,3.74,2.84,2.93,2.87,17,17,17,,3.4,high,
663,663,0,0,1,0,1,47428,4,g,6029,1,166,9,0,4.22,6.26,4.3,2.525,2.71,5.66,6.67,5.68,5.53,5.54,9,9,9,,4.1,high,
664,664,0,0,1,0,1,48217,5,w,6102,1,266,15,1,5.4,5.6,4.94,1.835,2.31,4.36,4.67,3.92,4.01,3.82,16,16,16,,4.1,high,
665,665,0,0,1,0,1,47925,4,g,6069,1,234,17,1,8.06,9.44,9.91,5.968,9.17,4.14,4.82,3.57,3.77,3.7,16,16,16,,3.5,high,
666,666,0,0,1,0,1,47925,4,g,6069,1,234,17,1,8.06,9.44,9.91,5.968,9.17,4.14,4.82,3.57,3.77,3.7,16,16,16,,4.5,high,
667,667,0,0,1,1,0,47955,3,w,6080,1,34,13,1,6.56,7.79,6.65,4.216,6.05,4.78,5.35,4.57,3.96,3.67,16,16,16,,2.7,low,
668,668,0,0,1,1,0,48349,3,w,6124,1,107,15,1,4.97,4.75,3.97,,6.37,4.14,4.35,3.91,,4.03,17,17,17,,2.7,low,
669,669,0,0,1,1,0,48349,3,w,6124,1,107,9,0,7.3,7.34,10.27,5.898,7.67,5.65,5.91,5.69,5.72,5.86,8,8,8,,2.7,low,
670,670,0,0,1,0,1,48067,3,w,6089,1,79,12,0,18.94,17.61,19.84,12.68,17.95,5.2,5.17,5.17,5.54,5.24,13,13,13,,2.7,low,
671,671,0,0,1,0,1,48328,4,w,6118,1,171,15,0,4.14,5.37,3.65,2.65,3.05,4.99,5.18,4.94,4.67,5.15,14,14,14,,3.2,low,
672,672,0,0,1,1,0,48402,4,w,6137,1,485,16,1,5.5,5.56,6.06,4.425,5.91,3.45,3.67,3.43,3.91,4.11,15,15,15,,3.7,high,